rows,validation_cvrmse,validation_mae,score,model,target,threshold,loss_per_h
32513,0.032741765224991524,57.34147841350134,0.032741765224991524,chiller_power,chiller_electricity_kw,0.15,
38,0.47930396340073683,361.37349230982835,0.47930396340073683,tes_discharge_response,abs(tes_use_side_kw),,
31,0.7784725290498345,57.09360764327976,0.7784725290498345,tes_charge_response,abs(tes_source_side_kw),,
35419,0.001406741695851378,0.017730489085684458,0.001406741695851378,zone_temperature_safety,zone_temp_next_c,,
35419,,4.510530755972665e-05,4.510530755972665e-05,soc_24h_rollout,soc,0.03,-0.0
106,,0.08490566037735847,0.9150943396226415,tes_direction,direction,0.95,
