rows,validation_cvrmse,validation_mae,score,model,target,threshold,loss_per_h
689880,0.04427757151509482,69.43773182053185,0.04427757151509482,chiller_power,chiller_electricity_kw,0.15,
142090,1.0238613879356355,1196.5814716451046,1.0238613879356355,tes_discharge_response,abs(tes_use_side_kw),,
148187,0.12142821803468563,48.84988207221243,0.12142821803468563,tes_charge_response,abs(tes_source_side_kw),,
805897,0.024573773808373972,0.18662382999002053,0.024573773808373972,zone_temperature_safety,zone_temp_next_c,,
805897,,0.010078283649732966,0.010078283649732966,soc_24h_rollout,soc,0.03,-0.0
303680,,0.016800579557428863,0.9831994204425711,tes_direction,direction,0.95,
