{
  "scenario_id": "chiller_tes_mild",
  "controller_type": "mpc",
  "closed_loop_steps": 96,
  "dt_hours": 0.25,
  "total_cost": 1689.16497,
  "energy_cost": 1689.16497,
  "demand_charge_cost": 0.0,
  "grid_import_kwh": 35692.41,
  "peak_grid_kw": 3090.0,
  "pv_actual_kwh": 20343.6,
  "pv_used_kwh": 19245.665865978255,
  "pv_spill_kwh": 1097.9341340217425,
  "pv_self_consumption_ratio": 0.9460304894894835,
  "pv_load_coverage_ratio": 0.35031561558377405,
  "it_energy_kwh": 432000.0,
  "facility_energy_kwh": 486938.07586597826,
  "cold_station_energy_kwh": 54938.07586597826,
  "pue_avg": 1.1271714719119867,
  "pue_p95": 1.1716666666666666,
  "temp_violation_count": 0,
  "temp_violation_degree_hours": 0.0,
  "max_temp_c": 26.141756727524086,
  "soc_min": 0.5,
  "soc_max": 0.85,
  "soc_violation_count": 0,
  "tes_charge_kwh_th": 7457.847992719926,
  "tes_discharge_kwh_th": 0.0,
  "tes_equivalent_cycles": 0.0,
  "avg_chiller_plr": 0.9327153110047848,
  "time_in_high_plr_region": 16.75,
  "solve_time_avg_s": 2.853721880206649,
  "solve_time_p95_s": 3.801117900002282,
  "optimal_rate": 1.0,
  "feasible_rate": 1.0,
  "fallback_count": 0,
  "has_nan": false
}