{
  "case_id": "strict_cap_0p95_paper_like_mpc_tes",
  "controller": "paper_like_mpc_tes",
  "steps": 96,
  "cost_total": 38823.761888070505,
  "energy_cost": 38823.761888070505,
  "whole_facility_energy_cost": 38823.761888070505,
  "plant_energy_cost": 589.6041440705023,
  "peak_slack_penalty_cost": 886805171.510643,
  "objective_cost": 886871995.2725313,
  "grid_import_kwh": 418617.555093428,
  "plant_energy_kwh": 6961.155093428035,
  "pv_used_kwh": 20343.6,
  "pv_spill_kwh": 0.0,
  "peak_grid_kw": 18872.184629319876,
  "peak_slack_max_kw": 1407.4484693198792,
  "peak_slack_kwh": 8868.05171510643,
  "peak_cap_success_flag": false,
  "soc_initial": 0.5,
  "soc_target": 0.5,
  "soc_final": 0.15,
  "terminal_soc_abs_error": 0.35,
  "soc_delta": -0.35,
  "soc_min": 0.15,
  "soc_max": 0.85,
  "soc_violation_count": 0,
  "TES_charge_kwh_th": 20275.590758638726,
  "TES_discharge_kwh_th": 26154.04239809877,
  "TES_discharge_during_cp_kwh_th": 598.5085812976861,
  "TES_charge_during_valley_kwh_th": 8597.621439538296,
  "grid_reduction_during_cp_kwh": 91.6808191242832,
  "cp_hours": 3.0,
  "TES_charge_weighted_avg_price": 0.07797099260989121,
  "TES_discharge_weighted_avg_price": 0.09992374842382992,
  "TES_arbitrage_spread": 0.021952755813938712,
  "solver_time_avg_s": 22.567725800035987,
  "solver_time_p95_s": 22.567725800035987,
  "solver_status": "optimal",
  "mode_integrality": "strict",
  "strict_success": true,
  "fallback_reason": "",
  "mode_fractionality_max": 5.10702591327572e-15,
  "solver_message": "Optimization terminated successfully. (HiGHS Status 7: Optimal)",
  "max_signed_du": 0.25000000000000033,
  "signed_valve_violation_count": 0,
  "grid_balance_violation_count": 0,
  "plant_tracking_error_abs_max_kw_th": 0.0
}