{
  "scenario_id": "peakcap_r0p95_eta5_mpc_tes",
  "controller_type": "mpc",
  "closed_loop_steps": 2880,
  "dt_hours": 0.25,
  "total_cost": 1344939.3534396105,
  "energy_cost": 1344939.3534396105,
  "demand_charge_cost": 0.0,
  "cold_station_proxy_total_cost": 124049.14044953386,
  "cold_station_proxy_energy_cost": 124049.14044953386,
  "cold_station_proxy_grid_import_kwh": 1331682.5552316224,
  "cold_station_proxy_pv_spill_kwh": 8786.833970446924,
  "grid_import_kwh": 14282895.721261177,
  "peak_grid_kw": 20035.50000000009,
  "peak_slack_max_kw": 7.275957614183426e-12,
  "peak_slack_step_count": 0,
  "pv_actual_kwh": 386724.95999999996,
  "pv_used_kwh": 386724.95999999996,
  "pv_spill_kwh": 0.0,
  "pv_spill_reduction_vs_no_tes": null,
  "tes_charge_during_pv_surplus_kwh_th": 0.0,
  "soc_headroom_before_pv_hours": 0.0,
  "pv_self_consumption_ratio": 1.0,
  "pv_load_coverage_ratio": 0.22620512505424048,
  "it_energy_kwh": 12960000.0,
  "facility_energy_kwh": 14669620.681261174,
  "cold_station_energy_kwh": 1709620.6812611753,
  "pue_avg": 1.1319151760232387,
  "pue_p95": 1.1716666666666666,
  "temp_violation_count": 1869,
  "temp_violation_degree_hours": 418.00382185296917,
  "max_temp_c": 29.200425740127372,
  "soc_min": 0.049999999999822776,
  "soc_max": 0.7572377946345653,
  "soc_violation_count": 0,
  "initial_soc": 0.5,
  "final_soc_after_last_update": 0.049999999999999926,
  "soc_delta": -0.45000000000000007,
  "soc_inventory_delta_kwh_th": -8100.000000000001,
  "tes_charge_kwh_th": 140563.2157114147,
  "tes_discharge_kwh_th": 125139.32336347207,
  "tes_equivalent_cycles": 6.952184631304004,
  "tes_charge_weighted_avg_price": 92.68310173458212,
  "tes_discharge_weighted_avg_price": 133.36949833096932,
  "tes_arbitrage_price_spread": 40.6863965963872,
  "charge_steps": 1950,
  "discharge_steps": 279,
  "idle_steps": 651,
  "charge_discharge_switch_count": 44,
  "first_discharge_step": 87,
  "first_discharge_timestamp": "2025-07-01 21:45:00",
  "avg_chiller_plr": 0.9005239963781733,
  "avg_mode_specific_plr": 0.9005239963781733,
  "weighted_avg_chiller_cop": 6.75727656882817,
  "time_in_high_plr_region": 620.5,
  "low_plr_hours": 0.0,
  "high_plr_hours": 620.5,
  "time_in_each_mode": {
    "-1": 3.0,
    "0": 2.75,
    "1": 350.75,
    "2": 363.5
  },
  "mode_switch_count": 66,
  "max_signed_du": 0.10000000000029444,
  "signed_valve_violation_count": 0,
  "physical_consistency_violation_count": 0,
  "max_chiller_supply_deficit_kw_th": 6.093614501878619e-10,
  "max_signed_valve_du": 0.10000000000029444,
  "tes_discharge_during_peak_cap_violation_kwh_th": 0.0,
  "dr_event_count": 0,
  "dr_requested_reduction_kwh": 0.0,
  "dr_served_reduction_kwh": 0.0,
  "dr_response_rate_avg": 0.0,
  "dr_revenue_cny": 0.0,
  "solve_time_avg_s": 1.9686728847220012,
  "solve_time_p95_s": 3.6600264099943147,
  "optimal_rate": 1.0,
  "feasible_rate": 1.0,
  "fallback_count": 0,
  "has_nan": false
}