{
  "case_id": "paper_like_mpc_tes",
  "controller": "paper_like_mpc_tes",
  "steps": 96,
  "cost_total": 19162.4750021688,
  "whole_facility_energy_cost": 19162.4750021688,
  "plant_energy_cost": 211.05353216879965,
  "grid_import_kwh": 434191.80800582067,
  "plant_energy_kwh": 7277.7080058206775,
  "pv_used_kwh": 5085.9,
  "pv_spill_kwh": 0.0,
  "peak_grid_kw": 18950.88618276389,
  "peak_slack_max_kw": 0.0,
  "peak_slack_kwh": 0.0,
  "soc_initial": 0.5,
  "soc_final": 0.5,
  "soc_delta": 0.0,
  "soc_min": 0.14999999999999977,
  "soc_max": 0.5,
  "TES_charge_kwh_th": 34710.55381791451,
  "TES_discharge_kwh_th": 34505.25218441707,
  "TES_charge_weighted_avg_price": 0.029,
  "TES_discharge_weighted_avg_price": 0.05350144518777181,
  "TES_arbitrage_spread": 0.024501445187771805,
  "solver_time_avg_s": 0.18043039998156019,
  "solver_time_p95_s": 0.18043039998156019,
  "solver_status": "optimal",
  "max_signed_du": 1.5184000000000002,
  "signed_valve_violation_count": 47,
  "grid_balance_violation_count": 0
}