{
  "scenario_id": "tou_screen_g0_cp0p2_hot_mpc_tes",
  "controller_type": "mpc",
  "closed_loop_steps": 2880,
  "dt_hours": 0.25,
  "total_cost": 1300931.3698406904,
  "energy_cost": 1300931.3698406904,
  "demand_charge_cost": 0.0,
  "cold_station_proxy_total_cost": 127758.74932293162,
  "cold_station_proxy_energy_cost": 127758.74932293162,
  "cold_station_proxy_grid_import_kwh": 1464677.7848861252,
  "cold_station_proxy_pv_spill_kwh": 152630.66999999998,
  "grid_import_kwh": 14272047.114886124,
  "peak_grid_kw": 21090.0,
  "peak_slack_max_kw": 0.0,
  "peak_slack_step_count": 0,
  "pv_actual_kwh": 386724.95999999996,
  "pv_used_kwh": 386724.95999999996,
  "pv_spill_kwh": 0.0,
  "pv_spill_reduction_vs_no_tes": null,
  "tes_charge_during_pv_surplus_kwh_th": 0.0,
  "soc_headroom_before_pv_hours": 0.0,
  "pv_self_consumption_ratio": 1.0,
  "pv_load_coverage_ratio": 0.22764970399335271,
  "it_energy_kwh": 12960000.0,
  "facility_energy_kwh": 14658772.074886126,
  "cold_station_energy_kwh": 1698772.074886125,
  "pue_avg": 1.1310780921980035,
  "pue_p95": 1.1716666666666666,
  "temp_violation_count": 0,
  "temp_violation_degree_hours": 1.2434497875801753e-14,
  "max_temp_c": 27.000000000000007,
  "soc_min": 0.1499999999999643,
  "soc_max": 0.5,
  "soc_violation_count": 0,
  "initial_soc": 0.5,
  "final_soc_after_last_update": 0.15587499999999824,
  "soc_delta": -0.3441250000000018,
  "soc_inventory_delta_kwh_th": -6194.250000000032,
  "tes_charge_kwh_th": 69455.10638298256,
  "tes_discharge_kwh_th": 60191.76831122009,
  "tes_equivalent_cycles": 3.3439871284011162,
  "tes_charge_weighted_avg_price": 77.69716256959182,
  "tes_discharge_weighted_avg_price": 108.14579154681343,
  "tes_arbitrage_price_spread": 30.448628977221603,
  "charge_steps": 322,
  "discharge_steps": 320,
  "idle_steps": 2238,
  "charge_discharge_switch_count": 59,
  "first_discharge_step": 73,
  "first_discharge_timestamp": "2025-07-01 18:15:00",
  "avg_chiller_plr": 0.9723459331267219,
  "avg_mode_specific_plr": 0.9723459331267219,
  "weighted_avg_chiller_cop": 7.098963194584278,
  "time_in_high_plr_region": 561.0,
  "low_plr_hours": 0.0,
  "high_plr_hours": 561.0,
  "time_in_each_mode": {
    "-1": 156.25,
    "2": 563.75
  },
  "mode_switch_count": 121,
  "max_signed_du": 0.10000000000011272,
  "signed_valve_violation_count": 0,
  "physical_consistency_violation_count": 0,
  "max_chiller_supply_deficit_kw_th": 0.0,
  "max_signed_valve_du": 0.10000000000011272,
  "tes_discharge_during_peak_cap_violation_kwh_th": 0.0,
  "dr_event_count": 0,
  "dr_requested_reduction_kwh": 0.0,
  "dr_served_reduction_kwh": 0.0,
  "dr_response_rate_avg": 0.0,
  "dr_revenue_cny": 0.0,
  "solve_time_avg_s": 0.13345336670141578,
  "solve_time_p95_s": 0.41514781499354275,
  "optimal_rate": 1.0,
  "feasible_rate": 1.0,
  "fallback_count": 0,
  "has_nan": false
}