{
  "scenario_id": "peakcap_r0p97_eta5_mpc_tes",
  "controller_type": "mpc",
  "closed_loop_steps": 2880,
  "dt_hours": 0.25,
  "total_cost": 1328410.8136771673,
  "energy_cost": 1328410.8136771673,
  "demand_charge_cost": 0.0,
  "cold_station_proxy_total_cost": 117445.81626176313,
  "cold_station_proxy_energy_cost": 117445.81626176313,
  "cold_station_proxy_grid_import_kwh": 1403788.1205141621,
  "cold_station_proxy_pv_spill_kwh": 68982.98671876265,
  "grid_import_kwh": 14294805.1337954,
  "peak_grid_kw": 20457.300000005976,
  "peak_slack_max_kw": 5.889887688681483e-09,
  "peak_slack_step_count": 0,
  "pv_actual_kwh": 386724.95999999996,
  "pv_used_kwh": 386724.95999999996,
  "pv_spill_kwh": 0.0,
  "pv_spill_reduction_vs_no_tes": null,
  "tes_charge_during_pv_surplus_kwh_th": 0.0,
  "soc_headroom_before_pv_hours": 0.0,
  "pv_self_consumption_ratio": 1.0,
  "pv_load_coverage_ratio": 0.22464025542963378,
  "it_energy_kwh": 12960000.0,
  "facility_energy_kwh": 14681530.0937954,
  "cold_station_energy_kwh": 1721530.0937953996,
  "pue_avg": 1.132834112175571,
  "pue_p95": 1.1716666666666666,
  "temp_violation_count": 0,
  "temp_violation_degree_hours": 6.217248937900877e-15,
  "max_temp_c": 27.000000000000007,
  "soc_min": 0.1426242086352629,
  "soc_max": 0.509679030387132,
  "soc_violation_count": 0,
  "initial_soc": 0.5,
  "final_soc_after_last_update": 0.3548026585679883,
  "soc_delta": -0.14519734143201168,
  "soc_inventory_delta_kwh_th": -2613.55214577621,
  "tes_charge_kwh_th": 115887.26919498351,
  "tes_discharge_kwh_th": 96264.91217882521,
  "tes_equivalent_cycles": 5.3480506766014,
  "tes_charge_weighted_avg_price": 82.36939781793765,
  "tes_discharge_weighted_avg_price": 32.825991394258054,
  "tes_arbitrage_price_spread": -49.5434064236796,
  "charge_steps": 699,
  "discharge_steps": 371,
  "idle_steps": 1810,
  "charge_discharge_switch_count": 69,
  "first_discharge_step": 90,
  "first_discharge_timestamp": "2025-07-01 22:30:00",
  "avg_chiller_plr": 0.8532323356379529,
  "avg_mode_specific_plr": 0.8532323356379529,
  "weighted_avg_chiller_cop": 6.993574964855037,
  "time_in_high_plr_region": 650.0,
  "low_plr_hours": 0.0,
  "high_plr_hours": 650.0,
  "time_in_each_mode": {
    "-1": 63.25,
    "0": 21.75,
    "1": 1.5,
    "2": 633.5
  },
  "mode_switch_count": 167,
  "max_signed_du": 0.10000000000610224,
  "signed_valve_violation_count": 0,
  "physical_consistency_violation_count": 0,
  "max_chiller_supply_deficit_kw_th": 3.810782800428569e-08,
  "max_signed_valve_du": 0.10000000000610224,
  "tes_discharge_during_peak_cap_violation_kwh_th": 0.0,
  "dr_event_count": 0,
  "dr_requested_reduction_kwh": 0.0,
  "dr_served_reduction_kwh": 0.0,
  "dr_response_rate_avg": 0.0,
  "dr_revenue_cny": 0.0,
  "solve_time_avg_s": 1.075151836527963,
  "solve_time_p95_s": 2.2804332600011543,
  "optimal_rate": 1.0,
  "feasible_rate": 1.0,
  "fallback_count": 0,
  "has_nan": false
}