{
  "scenario_id": "peakcap_r0p95_eta10_mpc_tes",
  "controller_type": "mpc",
  "closed_loop_steps": 2880,
  "dt_hours": 0.25,
  "total_cost": 1345060.5830334942,
  "energy_cost": 1345060.5830334942,
  "demand_charge_cost": 0.0,
  "cold_station_proxy_total_cost": 124076.55924841762,
  "cold_station_proxy_energy_cost": 124076.55924841762,
  "cold_station_proxy_grid_import_kwh": 1331464.0024035755,
  "cold_station_proxy_pv_spill_kwh": 8269.258970446923,
  "grid_import_kwh": 14283194.743433129,
  "peak_grid_kw": 20035.50000000012,
  "peak_slack_max_kw": 3.637978807091713e-11,
  "peak_slack_step_count": 0,
  "pv_actual_kwh": 386724.95999999996,
  "pv_used_kwh": 386724.95999999996,
  "pv_spill_kwh": 0.0,
  "pv_spill_reduction_vs_no_tes": null,
  "tes_charge_during_pv_surplus_kwh_th": 0.0,
  "soc_headroom_before_pv_hours": 0.0,
  "pv_self_consumption_ratio": 1.0,
  "pv_load_coverage_ratio": 0.22616556743778352,
  "it_energy_kwh": 12960000.0,
  "facility_energy_kwh": 14669919.70343313,
  "cold_station_energy_kwh": 1709919.7034331283,
  "pue_avg": 1.131938248721692,
  "pue_p95": 1.1716666666666666,
  "temp_violation_count": 1865,
  "temp_violation_degree_hours": 416.3371633570149,
  "max_temp_c": 29.200377914568993,
  "soc_min": 0.04999999999998439,
  "soc_max": 0.8088068698092153,
  "soc_violation_count": 0,
  "initial_soc": 0.5,
  "final_soc_after_last_update": 0.05000000000000002,
  "soc_delta": -0.44999999999999996,
  "soc_inventory_delta_kwh_th": -8099.999999999999,
  "tes_charge_kwh_th": 143692.69408974514,
  "tes_discharge_kwh_th": 127784.65523882699,
  "tes_equivalent_cycles": 7.099147513268166,
  "tes_charge_weighted_avg_price": 92.74175489624929,
  "tes_discharge_weighted_avg_price": 132.36343683189293,
  "tes_arbitrage_price_spread": 39.621681935643636,
  "charge_steps": 1947,
  "discharge_steps": 284,
  "idle_steps": 649,
  "charge_discharge_switch_count": 44,
  "first_discharge_step": 87,
  "first_discharge_timestamp": "2025-07-01 21:45:00",
  "avg_chiller_plr": 0.9005517353979126,
  "avg_mode_specific_plr": 0.9005517353979126,
  "weighted_avg_chiller_cop": 6.757520428104385,
  "time_in_high_plr_region": 620.5,
  "low_plr_hours": 0.0,
  "high_plr_hours": 620.5,
  "time_in_each_mode": {
    "-1": 3.0,
    "0": 2.75,
    "1": 350.5,
    "2": 363.75
  },
  "mode_switch_count": 66,
  "max_signed_du": 0.10000000000669793,
  "signed_valve_violation_count": 0,
  "physical_consistency_violation_count": 0,
  "max_chiller_supply_deficit_kw_th": 4.220055416226387e-10,
  "max_signed_valve_du": 0.10000000000669793,
  "tes_discharge_during_peak_cap_violation_kwh_th": 0.0,
  "dr_event_count": 0,
  "dr_requested_reduction_kwh": 0.0,
  "dr_served_reduction_kwh": 0.0,
  "dr_response_rate_avg": 0.0,
  "dr_revenue_cny": 0.0,
  "solve_time_avg_s": 1.9666237075695385,
  "solve_time_p95_s": 3.6427742449996,
  "optimal_rate": 1.0,
  "feasible_rate": 1.0,
  "fallback_count": 0,
  "has_nan": false
}