{
  "scenario_id": "peakcap_r0p97_eta10_mpc_tes",
  "controller_type": "mpc",
  "closed_loop_steps": 2880,
  "dt_hours": 0.25,
  "total_cost": 1328488.2438244177,
  "energy_cost": 1328488.2438244177,
  "demand_charge_cost": 0.0,
  "cold_station_proxy_total_cost": 117606.29177627429,
  "cold_station_proxy_energy_cost": 117606.29177627429,
  "cold_station_proxy_grid_import_kwh": 1404338.4149497692,
  "cold_station_proxy_pv_spill_kwh": 69486.29197488888,
  "grid_import_kwh": 14294852.12297488,
  "peak_grid_kw": 20457.300000008396,
  "peak_slack_max_kw": 8.309143595397472e-09,
  "peak_slack_step_count": 0,
  "pv_actual_kwh": 386724.95999999996,
  "pv_used_kwh": 386724.95999999996,
  "pv_spill_kwh": 0.0,
  "pv_spill_reduction_vs_no_tes": null,
  "tes_charge_during_pv_surplus_kwh_th": 0.0,
  "soc_headroom_before_pv_hours": 0.0,
  "pv_self_consumption_ratio": 1.0,
  "pv_load_coverage_ratio": 0.22463412403918637,
  "it_energy_kwh": 12960000.0,
  "facility_energy_kwh": 14681577.082974881,
  "cold_station_energy_kwh": 1721577.0829748805,
  "pue_avg": 1.1328377378838643,
  "pue_p95": 1.1716666666666666,
  "temp_violation_count": 0,
  "temp_violation_degree_hours": 1.3322676295501878e-14,
  "max_temp_c": 27.000000000000025,
  "soc_min": 0.13861246909465064,
  "soc_max": 0.509679030387132,
  "soc_violation_count": 0,
  "initial_soc": 0.5,
  "final_soc_after_last_update": 0.33797584432054484,
  "soc_delta": -0.16202415567945516,
  "soc_inventory_delta_kwh_th": -2916.434802230193,
  "tes_charge_kwh_th": 116075.66467970527,
  "tes_discharge_kwh_th": 96693.9336225983,
  "tes_equivalent_cycles": 5.371885201255461,
  "tes_charge_weighted_avg_price": 80.41726984838127,
  "tes_discharge_weighted_avg_price": 33.885213163284476,
  "tes_arbitrage_price_spread": -46.53205668509679,
  "charge_steps": 691,
  "discharge_steps": 375,
  "idle_steps": 1814,
  "charge_discharge_switch_count": 73,
  "first_discharge_step": 90,
  "first_discharge_timestamp": "2025-07-01 22:30:00",
  "avg_chiller_plr": 0.8523821209549494,
  "avg_mode_specific_plr": 0.8523821209549494,
  "weighted_avg_chiller_cop": 6.992921879526491,
  "time_in_high_plr_region": 648.25,
  "low_plr_hours": 0.0,
  "high_plr_hours": 648.25,
  "time_in_each_mode": {
    "-1": 62.0,
    "0": 23.0,
    "1": 1.5,
    "2": 633.5
  },
  "mode_switch_count": 171,
  "max_signed_du": 0.1000000000215045,
  "signed_valve_violation_count": 0,
  "physical_consistency_violation_count": 0,
  "max_chiller_supply_deficit_kw_th": 1.0233634384348989e-08,
  "max_signed_valve_du": 0.1000000000215045,
  "tes_discharge_during_peak_cap_violation_kwh_th": 0.0,
  "dr_event_count": 0,
  "dr_requested_reduction_kwh": 0.0,
  "dr_served_reduction_kwh": 0.0,
  "dr_response_rate_avg": 0.0,
  "dr_revenue_cny": 0.0,
  "solve_time_avg_s": 1.0774631592708273,
  "solve_time_p95_s": 2.25679760499479,
  "optimal_rate": 1.0,
  "feasible_rate": 1.0,
  "fallback_count": 0,
  "has_nan": false
}