{
  "scenario_id": "tou_screen_g1_cp0p2_hot_mpc_tes",
  "controller_type": "mpc",
  "closed_loop_steps": 2880,
  "dt_hours": 0.25,
  "total_cost": 1302988.6022383645,
  "energy_cost": 1302988.6022383645,
  "demand_charge_cost": 0.0,
  "cold_station_proxy_total_cost": 101225.38494316448,
  "cold_station_proxy_energy_cost": 101225.38494316448,
  "cold_station_proxy_grid_import_kwh": 1447493.948427763,
  "cold_station_proxy_pv_spill_kwh": 124708.01999999999,
  "grid_import_kwh": 14282785.928427763,
  "peak_grid_kw": 21090.0,
  "peak_slack_max_kw": 0.0,
  "peak_slack_step_count": 0,
  "pv_actual_kwh": 386724.95999999996,
  "pv_used_kwh": 386724.95999999996,
  "pv_spill_kwh": 0.0,
  "pv_spill_reduction_vs_no_tes": null,
  "tes_charge_during_pv_surplus_kwh_th": 0.0,
  "soc_headroom_before_pv_hours": 0.0,
  "pv_self_consumption_ratio": 1.0,
  "pv_load_coverage_ratio": 0.22621965301178681,
  "it_energy_kwh": 12960000.0,
  "facility_energy_kwh": 14669510.888427764,
  "cold_station_energy_kwh": 1709510.888427763,
  "pue_avg": 1.131906704353994,
  "pue_p95": 1.1716666666666666,
  "temp_violation_count": 0,
  "temp_violation_degree_hours": 7.72715225139109e-13,
  "max_temp_c": 27.00000000000003,
  "soc_min": 0.1499999999999998,
  "soc_max": 0.5350889721319829,
  "soc_violation_count": 0,
  "initial_soc": 0.5,
  "final_soc_after_last_update": 0.15587499999999999,
  "soc_delta": -0.344125,
  "soc_inventory_delta_kwh_th": -6194.25,
  "tes_charge_kwh_th": 88615.75589259338,
  "tes_discharge_kwh_th": 75926.10289345661,
  "tes_equivalent_cycles": 4.218116827414256,
  "tes_charge_weighted_avg_price": 31.265795859232405,
  "tes_discharge_weighted_avg_price": 197.83409752336587,
  "tes_arbitrage_price_spread": 166.56830166413346,
  "charge_steps": 680,
  "discharge_steps": 304,
  "idle_steps": 1896,
  "charge_discharge_switch_count": 60,
  "first_discharge_step": 74,
  "first_discharge_timestamp": "2025-07-01 18:30:00",
  "avg_chiller_plr": 0.9748691409474369,
  "avg_mode_specific_plr": 0.9748691409474369,
  "weighted_avg_chiller_cop": 7.100902734958176,
  "time_in_high_plr_region": 566.0,
  "low_plr_hours": 0.0,
  "high_plr_hours": 566.0,
  "time_in_each_mode": {
    "-1": 154.0,
    "2": 566.0
  },
  "mode_switch_count": 123,
  "max_signed_du": 0.1000000000000012,
  "signed_valve_violation_count": 0,
  "physical_consistency_violation_count": 0,
  "max_chiller_supply_deficit_kw_th": 1.8917489796876907e-10,
  "max_signed_valve_du": 0.1000000000000012,
  "tes_discharge_during_peak_cap_violation_kwh_th": 0.0,
  "dr_event_count": 0,
  "dr_requested_reduction_kwh": 0.0,
  "dr_served_reduction_kwh": 0.0,
  "dr_response_rate_avg": 0.0,
  "dr_revenue_cny": 0.0,
  "solve_time_avg_s": 0.09010605388896996,
  "solve_time_p95_s": 0.36396973500377494,
  "optimal_rate": 1.0,
  "feasible_rate": 1.0,
  "fallback_count": 0,
  "has_nan": false
}