{
  "scenario_id": "pv_priority_pv_scale-1_w_spill-0p2",
  "controller_type": "mpc",
  "closed_loop_steps": 96,
  "dt_hours": 0.25,
  "total_cost": 2762.1844520575496,
  "energy_cost": 2762.1844520575496,
  "demand_charge_cost": 0.0,
  "grid_import_kwh": 42195.55837610636,
  "peak_grid_kw": 3090.0,
  "peak_slack_max_kw": 0.0,
  "peak_slack_step_count": 0,
  "pv_actual_kwh": 20343.6,
  "pv_used_kwh": 20000.64,
  "pv_spill_kwh": 342.96000000000004,
  "pv_spill_reduction_vs_no_tes": null,
  "tes_charge_during_pv_surplus_kwh_th": 8.138297872338466,
  "soc_headroom_before_pv_hours": 0.5,
  "pv_self_consumption_ratio": 0.9831416268507049,
  "pv_load_coverage_ratio": 0.32157335210512733,
  "it_energy_kwh": 432000.0,
  "facility_energy_kwh": 494196.19837610633,
  "cold_station_energy_kwh": 62196.19837610636,
  "pue_avg": 1.1439726814261721,
  "pue_p95": 1.1716666666666666,
  "temp_violation_count": 0,
  "temp_violation_degree_hours": 0.0,
  "max_temp_c": 26.978951036011136,
  "soc_min": 0.5,
  "soc_max": 0.85,
  "soc_violation_count": 0,
  "initial_soc": 0.5,
  "final_soc_after_last_update": 0.8204045198124769,
  "soc_delta": 0.32040451981247686,
  "soc_inventory_delta_kwh_th": 5767.281356624583,
  "tes_charge_kwh_th": 7076.055617661546,
  "tes_discharge_kwh_th": 163.1724030586635,
  "tes_equivalent_cycles": 0.009065133503259083,
  "tes_charge_weighted_avg_price": 31.125417786505704,
  "tes_discharge_weighted_avg_price": 83.0,
  "tes_arbitrage_price_spread": 51.87458221349429,
  "charge_steps": 49,
  "discharge_steps": 1,
  "idle_steps": 46,
  "charge_discharge_switch_count": 1,
  "first_discharge_step": 94,
  "first_discharge_timestamp": "2025-07-01 23:30:00",
  "avg_chiller_plr": 0.9658947020550932,
  "avg_mode_specific_plr": 0.9658947020550932,
  "weighted_avg_chiller_cop": 7.0823144709096875,
  "time_in_high_plr_region": 21.5,
  "low_plr_hours": 0.0,
  "high_plr_hours": 21.5,
  "time_in_each_mode": {
    "-1": 2.0,
    "0": 1.5,
    "1": 1.0,
    "2": 19.5
  },
  "mode_switch_count": 5,
  "max_signed_du": 0.10000000000000003,
  "signed_valve_violation_count": 0,
  "physical_consistency_violation_count": 0,
  "max_chiller_supply_deficit_kw_th": 0.0,
  "max_signed_valve_du": 0.10000000000000003,
  "tes_discharge_during_peak_cap_violation_kwh_th": 0.0,
  "solve_time_avg_s": 1.5076759447886918,
  "solve_time_p95_s": 4.803325449996919,
  "optimal_rate": 0.9895833333333334,
  "feasible_rate": 1.0,
  "fallback_count": 1,
  "has_nan": false
}