{
  "scenario_id": "tou_full_base_mild_mpc_tes",
  "controller_type": "mpc",
  "closed_loop_steps": 2880,
  "dt_hours": 0.25,
  "total_cost": 1225787.5406890283,
  "energy_cost": 1225787.5406890283,
  "demand_charge_cost": 0.0,
  "cold_station_proxy_total_cost": 47074.413387358305,
  "cold_station_proxy_energy_cost": 47074.413387358305,
  "cold_station_proxy_grid_import_kwh": 930689.8351291706,
  "cold_station_proxy_pv_spill_kwh": 190296.65323289274,
  "grid_import_kwh": 13700393.181896277,
  "peak_grid_kw": 21090.000000001903,
  "peak_slack_max_kw": 0.0,
  "peak_slack_step_count": 0,
  "pv_actual_kwh": 386724.95999999996,
  "pv_used_kwh": 386724.95999999996,
  "pv_spill_kwh": 0.0,
  "pv_spill_reduction_vs_no_tes": null,
  "tes_charge_during_pv_surplus_kwh_th": 0.0,
  "soc_headroom_before_pv_hours": 0.0,
  "pv_self_consumption_ratio": 1.0,
  "pv_load_coverage_ratio": 0.34310951587503424,
  "it_energy_kwh": 12960000.0,
  "facility_energy_kwh": 14087118.141896278,
  "cold_station_energy_kwh": 1127118.1418962777,
  "pue_avg": 1.0869689924302683,
  "pue_p95": 1.1716666666666666,
  "temp_violation_count": 0,
  "temp_violation_degree_hours": 3.552713678800501e-15,
  "max_temp_c": 27.000000000000004,
  "soc_min": 0.1322995427358779,
  "soc_max": 0.5117579749876119,
  "soc_violation_count": 0,
  "initial_soc": 0.5,
  "final_soc_after_last_update": 0.1731773531864264,
  "soc_delta": -0.3268226468135736,
  "soc_inventory_delta_kwh_th": -5882.807642644325,
  "tes_charge_kwh_th": 102826.08313484704,
  "tes_discharge_kwh_th": 87800.5169816893,
  "tes_equivalent_cycles": 4.877806498982739,
  "tes_charge_weighted_avg_price": 36.02563688736891,
  "tes_discharge_weighted_avg_price": 173.16663371563467,
  "tes_arbitrage_price_spread": 137.14099682826577,
  "charge_steps": 612,
  "discharge_steps": 400,
  "idle_steps": 1868,
  "charge_discharge_switch_count": 133,
  "first_discharge_step": 74,
  "first_discharge_timestamp": "2025-07-01 18:30:00",
  "avg_chiller_plr": 0.9174869537064877,
  "avg_mode_specific_plr": 0.9174869537064877,
  "weighted_avg_chiller_cop": 7.053817126720244,
  "time_in_high_plr_region": 405.75,
  "low_plr_hours": 0.0,
  "high_plr_hours": 405.75,
  "time_in_each_mode": {
    "-1": 308.5,
    "0": 27.5,
    "2": 384.0
  },
  "mode_switch_count": 270,
  "max_signed_du": 0.10000000000069525,
  "signed_valve_violation_count": 0,
  "physical_consistency_violation_count": 0,
  "max_chiller_supply_deficit_kw_th": 6.875779945403337e-10,
  "max_signed_valve_du": 0.10000000000069525,
  "tes_discharge_during_peak_cap_violation_kwh_th": 0.0,
  "dr_event_count": 0,
  "dr_requested_reduction_kwh": 0.0,
  "dr_served_reduction_kwh": 0.0,
  "dr_response_rate_avg": 0.0,
  "dr_revenue_cny": 0.0,
  "solve_time_avg_s": 0.22657323947927985,
  "solve_time_p95_s": 0.5886417400055505,
  "optimal_rate": 1.0,
  "feasible_rate": 1.0,
  "fallback_count": 0,
  "has_nan": false
}