{
  "case_id": "relaxed_cap_0p95_paper_like_mpc_tes",
  "controller": "paper_like_mpc_tes",
  "steps": 96,
  "cost_total": 38724.31949334704,
  "energy_cost": 38724.31949334704,
  "whole_facility_energy_cost": 38724.31949334704,
  "plant_energy_cost": 490.16174934703133,
  "peak_slack_penalty_cost": 850027166.026712,
  "objective_cost": 850093890.3462062,
  "grid_import_kwh": 417949.20151275396,
  "plant_energy_kwh": 6292.801512753984,
  "pv_used_kwh": 20343.6,
  "pv_spill_kwh": 0.0,
  "peak_grid_kw": 18315.032384346017,
  "peak_slack_max_kw": 850.2962243460206,
  "peak_slack_kwh": 8500.271660267119,
  "peak_cap_success_flag": false,
  "soc_initial": 0.5,
  "soc_target": 0.5,
  "soc_final": 0.15,
  "terminal_soc_abs_error": 0.35,
  "soc_delta": -0.35,
  "soc_min": 0.15,
  "soc_max": 0.85,
  "soc_violation_count": 0,
  "TES_charge_kwh_th": 12736.259578674333,
  "TES_discharge_kwh_th": 18727.06822891853,
  "TES_discharge_during_cp_kwh_th": 78.99008012672539,
  "TES_charge_during_valley_kwh_th": 4525.649999999996,
  "grid_reduction_during_cp_kwh": 10.84138849739306,
  "cp_hours": 3.0,
  "TES_charge_weighted_avg_price": 0.06973293051237897,
  "TES_discharge_weighted_avg_price": 0.11720326496347651,
  "TES_arbitrage_spread": 0.04747033445109754,
  "solver_time_avg_s": 0.007739699969533831,
  "solver_time_p95_s": 0.007739699969533831,
  "solver_status": "optimal_relaxed_modes",
  "mode_integrality": "relaxed",
  "strict_success": false,
  "fallback_reason": "",
  "mode_fractionality_max": 0.46501195126648803,
  "solver_message": "Optimization terminated successfully. (HiGHS Status 7: Optimal)",
  "max_signed_du": 0.2500000000000003,
  "signed_valve_violation_count": 0,
  "grid_balance_violation_count": 0,
  "plant_tracking_error_abs_max_kw_th": 0.0
}