{
  "case_id": "representative_storage_priority_neutral_tes",
  "controller": "storage_priority_neutral_tes",
  "steps": 96,
  "cost_total": 39319.12369588691,
  "energy_cost": 39319.12369588691,
  "whole_facility_energy_cost": 39319.12369588691,
  "plant_energy_cost": 587.7379358869097,
  "peak_slack_penalty_cost": 0.0,
  "objective_cost": 39319.12369588691,
  "grid_import_kwh": 419908.16166629497,
  "plant_energy_kwh": 8251.761666295039,
  "pv_used_kwh": 20343.6,
  "pv_spill_kwh": 0.0,
  "peak_grid_kw": 18940.0464,
  "peak_slack_max_kw": 0.0,
  "peak_slack_kwh": 0.0,
  "peak_cap_success_flag": true,
  "soc_initial": 0.5,
  "soc_target": 0.5,
  "soc_final": 0.49999999999999983,
  "terminal_soc_abs_error": 1.6653345369377348e-16,
  "soc_delta": -1.6653345369377348e-16,
  "soc_min": 0.48931971683015135,
  "soc_max": 0.8500000099999994,
  "soc_violation_count": 0,
  "TES_charge_kwh_th": 12986.362848245204,
  "TES_discharge_kwh_th": 12371.905179236972,
  "TES_discharge_during_cp_kwh_th": 0.0,
  "TES_charge_during_valley_kwh_th": 6534.210572612171,
  "grid_reduction_during_cp_kwh": 0.0,
  "cp_hours": 3.0,
  "TES_charge_weighted_avg_price": 0.04996800358552125,
  "TES_discharge_weighted_avg_price": 0.1545709835758428,
  "TES_arbitrage_spread": 0.10460297999032156,
  "solver_time_avg_s": 0.00027660001069307327,
  "solver_time_p95_s": 0.00027660001069307327,
  "solver_status": "storage_priority_neutral",
  "mode_integrality": "fixed",
  "strict_success": true,
  "fallback_reason": "",
  "mode_fractionality_max": 0.0,
  "solver_message": "",
  "max_signed_du": 1.0,
  "signed_valve_violation_count": 9,
  "grid_balance_violation_count": 0,
  "plant_tracking_error_abs_max_kw_th": 0.0
}