{
  "scenario_id": "chiller_tes_hot",
  "controller_type": "mpc",
  "closed_loop_steps": 96,
  "dt_hours": 0.25,
  "total_cost": 4952.5117199999995,
  "energy_cost": 4952.5117199999995,
  "demand_charge_cost": 0.0,
  "grid_import_kwh": 54159.36,
  "peak_grid_kw": 3090.0,
  "pv_actual_kwh": 20343.6,
  "pv_used_kwh": 20000.64,
  "pv_spill_kwh": 342.96000000000004,
  "pv_self_consumption_ratio": 0.9831416268507049,
  "pv_load_coverage_ratio": 0.2696957928802589,
  "it_energy_kwh": 432000.0,
  "facility_energy_kwh": 506160.0,
  "cold_station_energy_kwh": 74160.0,
  "pue_avg": 1.1716666666666666,
  "pue_p95": 1.1716666666666666,
  "temp_violation_count": 6,
  "temp_violation_degree_hours": 0.19439210284484965,
  "max_temp_c": 27.23174868152487,
  "soc_min": 0.5,
  "soc_max": 0.95,
  "soc_violation_count": 0,
  "tes_charge_kwh_th": 8999.450436481071,
  "tes_discharge_kwh_th": 5067.203039764961,
  "tes_equivalent_cycles": 0.2815112799869423,
  "avg_chiller_plr": 1.0,
  "time_in_high_plr_region": 24.0,
  "solve_time_avg_s": 0.14907226874887178,
  "solve_time_p95_s": 0.16159682498982875,
  "optimal_rate": 0.9895833333333334,
  "feasible_rate": 1.0,
  "fallback_count": 1,
  "has_nan": false
}