{
  "scenario_id": "terminal_soc_24h_low_target",
  "controller_type": "mpc",
  "closed_loop_steps": 96,
  "dt_hours": 0.25,
  "total_cost": 2753.371835071185,
  "energy_cost": 2753.371835071185,
  "demand_charge_cost": 0.0,
  "grid_import_kwh": 42142.148576189,
  "peak_grid_kw": 3090.0,
  "peak_slack_max_kw": 0.0,
  "peak_slack_step_count": 0,
  "pv_actual_kwh": 20343.6,
  "pv_used_kwh": 19816.0,
  "pv_spill_kwh": 527.6000000000003,
  "pv_spill_reduction_vs_no_tes": null,
  "tes_charge_during_pv_surplus_kwh_th": 56.96808510636843,
  "soc_headroom_before_pv_hours": 0.0,
  "pv_self_consumption_ratio": 0.9740655537859573,
  "pv_load_coverage_ratio": 0.31982879500720657,
  "it_energy_kwh": 432000.0,
  "facility_energy_kwh": 493958.14857618895,
  "cold_station_energy_kwh": 61958.148576189,
  "pue_avg": 1.1434216402226596,
  "pue_p95": 1.1716666666666666,
  "temp_violation_count": 0,
  "temp_violation_degree_hours": 0.0,
  "max_temp_c": 26.978951036011143,
  "soc_min": 0.5,
  "soc_max": 0.85,
  "soc_violation_count": 0,
  "initial_soc": 0.5,
  "final_soc_after_last_update": 0.8226113143897209,
  "soc_delta": 0.3226113143897209,
  "soc_inventory_delta_kwh_th": 5807.003659014977,
  "tes_charge_kwh_th": 7149.296229363657,
  "tes_discharge_kwh_th": 188.66604530545825,
  "tes_equivalent_cycles": 0.010481446961414348,
  "tes_charge_weighted_avg_price": 31.53390414225364,
  "tes_discharge_weighted_avg_price": 83.0,
  "tes_arbitrage_price_spread": 51.46609585774636,
  "charge_steps": 57,
  "discharge_steps": 1,
  "idle_steps": 38,
  "charge_discharge_switch_count": 1,
  "first_discharge_step": 94,
  "first_discharge_timestamp": "2025-07-01 23:30:00",
  "avg_chiller_plr": 0.9682932994914881,
  "avg_mode_specific_plr": 0.9682932994914881,
  "weighted_avg_chiller_cop": 7.098000296330537,
  "time_in_high_plr_region": 21.5,
  "low_plr_hours": 0.0,
  "high_plr_hours": 21.5,
  "time_in_each_mode": {
    "-1": 2.0,
    "0": 2.25,
    "2": 19.75
  },
  "mode_switch_count": 6,
  "max_signed_du": 0.10000000000000087,
  "signed_valve_violation_count": 0,
  "physical_consistency_violation_count": 0,
  "max_chiller_supply_deficit_kw_th": 0.0,
  "max_signed_valve_du": 0.10000000000000087,
  "tes_discharge_during_peak_cap_violation_kwh_th": 0.0,
  "solve_time_avg_s": 2.04779738854207,
  "solve_time_p95_s": 5.417659875005484,
  "optimal_rate": 0.9895833333333334,
  "feasible_rate": 1.0,
  "fallback_count": 1,
  "has_nan": false
}