{
  "case_id": "high_spread_cp20_paper_like_mpc_tes",
  "controller": "paper_like_mpc_tes",
  "steps": 96,
  "cost_total": 21096.377121531244,
  "whole_facility_energy_cost": 21096.377121531244,
  "plant_energy_cost": 117.88161713124364,
  "grid_import_kwh": 434190.7430327928,
  "plant_energy_kwh": 7276.643032792818,
  "pv_used_kwh": 5085.9,
  "pv_spill_kwh": 0.0,
  "peak_grid_kw": 18950.74653067772,
  "peak_slack_max_kw": 0.0,
  "peak_slack_kwh": 0.0,
  "soc_initial": 0.5,
  "soc_final": 0.5,
  "soc_delta": 0.0,
  "soc_min": 0.14999999999999997,
  "soc_max": 0.5,
  "TES_charge_kwh_th": 34676.52122419956,
  "TES_discharge_kwh_th": 34479.671757589895,
  "TES_charge_weighted_avg_price": 0.0162,
  "TES_discharge_weighted_avg_price": 0.06867815599585111,
  "TES_arbitrage_spread": 0.052478155995851115,
  "solver_time_avg_s": 0.15732999998726882,
  "solver_time_p95_s": 0.15732999998726882,
  "solver_status": "optimal",
  "max_signed_du": 1.5183177826523624,
  "signed_valve_violation_count": 52,
  "grid_balance_violation_count": 0
}