{
  "case_id": "relaxed_cap_0p95_paper_like_mpc_tes",
  "controller": "paper_like_mpc_tes",
  "steps": 96,
  "cost_total": 19341.474114483375,
  "whole_facility_energy_cost": 19341.474114483375,
  "plant_energy_cost": 390.0526444833766,
  "grid_import_kwh": 433185.86382840906,
  "plant_energy_kwh": 6271.763828409031,
  "pv_used_kwh": 5085.9,
  "pv_spill_kwh": 0.0,
  "peak_grid_kw": 18320.91795,
  "peak_slack_max_kw": 856.1817900000024,
  "peak_slack_kwh": 15699.756501051688,
  "soc_initial": 0.5,
  "soc_target": 0.5,
  "soc_final": 0.15,
  "terminal_soc_abs_error": 0.35,
  "soc_delta": -0.35,
  "soc_min": 0.15,
  "soc_max": 0.5,
  "soc_violation_count": 0,
  "TES_charge_kwh_th": 8799.713771349909,
  "TES_discharge_kwh_th": 14943.802453251323,
  "TES_charge_weighted_avg_price": 0.10528698672930023,
  "TES_discharge_weighted_avg_price": 0.029,
  "TES_arbitrage_spread": -0.07628698672930023,
  "solver_time_avg_s": 0.014038400026038289,
  "solver_time_p95_s": 0.014038400026038289,
  "solver_status": "optimal_relaxed_modes",
  "mode_integrality": "relaxed",
  "strict_success": false,
  "fallback_reason": "",
  "mode_fractionality_max": 0.29382863387978486,
  "solver_message": "Optimization terminated successfully. (HiGHS Status 7: Optimal)",
  "max_signed_du": 1.4825114801624375,
  "signed_valve_violation_count": 25,
  "grid_balance_violation_count": 0
}