{
  "scenario_id": "robust_base_cp20_soc0p8_mpc_tes",
  "controller_type": "mpc",
  "closed_loop_steps": 2880,
  "dt_hours": 0.25,
  "total_cost": 1302384.7809928944,
  "energy_cost": 1302384.7809928944,
  "demand_charge_cost": 0.0,
  "cold_station_proxy_total_cost": 100624.92474769449,
  "cold_station_proxy_energy_cost": 100624.92474769449,
  "cold_station_proxy_grid_import_kwh": 1447949.9706896436,
  "cold_station_proxy_pv_spill_kwh": 124728.39,
  "grid_import_kwh": 14283221.580689644,
  "peak_grid_kw": 21090.0,
  "peak_slack_max_kw": 0.0,
  "peak_slack_step_count": 0,
  "pv_actual_kwh": 386724.95999999996,
  "pv_used_kwh": 386724.95999999996,
  "pv_spill_kwh": 0.0,
  "pv_spill_reduction_vs_no_tes": null,
  "tes_charge_during_pv_surplus_kwh_th": 0.0,
  "soc_headroom_before_pv_hours": 0.0,
  "pv_self_consumption_ratio": 1.0,
  "pv_load_coverage_ratio": 0.2261620178160826,
  "it_energy_kwh": 12960000.0,
  "facility_energy_kwh": 14669946.540689643,
  "cold_station_energy_kwh": 1709946.5406896435,
  "pue_avg": 1.1319403194976576,
  "pue_p95": 1.1716666666666666,
  "temp_violation_count": 0,
  "temp_violation_degree_hours": 4.636291350834654e-13,
  "max_temp_c": 27.000000000000025,
  "soc_min": 0.14999999999999997,
  "soc_max": 0.8,
  "soc_violation_count": 0,
  "initial_soc": 0.8,
  "final_soc_after_last_update": 0.15587499999999999,
  "soc_delta": -0.6441250000000001,
  "soc_inventory_delta_kwh_th": -11594.250000000002,
  "tes_charge_kwh_th": 103740.71898766865,
  "tes_discharge_kwh_th": 93205.43359718026,
  "tes_equivalent_cycles": 5.178079644287792,
  "tes_charge_weighted_avg_price": 30.934704728590987,
  "tes_discharge_weighted_avg_price": 196.47559537618176,
  "tes_arbitrage_price_spread": 165.54089064759077,
  "charge_steps": 616,
  "discharge_steps": 338,
  "idle_steps": 1926,
  "charge_discharge_switch_count": 60,
  "first_discharge_step": 71,
  "first_discharge_timestamp": "2025-07-01 17:45:00",
  "avg_chiller_plr": 0.9756284138587079,
  "avg_mode_specific_plr": 0.9756284138587079,
  "weighted_avg_chiller_cop": 7.101484616118419,
  "time_in_high_plr_region": 565.75,
  "low_plr_hours": 0.0,
  "high_plr_hours": 565.75,
  "time_in_each_mode": {
    "-1": 154.25,
    "2": 565.75
  },
  "mode_switch_count": 123,
  "max_signed_du": 0.1000000000000012,
  "signed_valve_violation_count": 0,
  "physical_consistency_violation_count": 0,
  "max_chiller_supply_deficit_kw_th": 0.0,
  "max_signed_valve_du": 0.1000000000000012,
  "tes_discharge_during_peak_cap_violation_kwh_th": 0.0,
  "dr_event_count": 0,
  "dr_requested_reduction_kwh": 0.0,
  "dr_served_reduction_kwh": 0.0,
  "dr_response_rate_avg": 0.0,
  "dr_revenue_cny": 0.0,
  "solve_time_avg_s": 0.08792703624991292,
  "solve_time_p95_s": 0.3885616999970807,
  "optimal_rate": 1.0,
  "feasible_rate": 1.0,
  "fallback_count": 0,
  "has_nan": false
}