{
  "case_id": "paper_like_mpc_tes",
  "controller": "paper_like_mpc_tes",
  "steps": 96,
  "cost_total": 19206.20272397262,
  "whole_facility_energy_cost": 19206.20272397262,
  "plant_energy_cost": 254.78125397261914,
  "grid_import_kwh": 435147.17601801775,
  "plant_energy_kwh": 8233.07601801778,
  "pv_used_kwh": 5085.9,
  "pv_spill_kwh": 0.0,
  "peak_grid_kw": 18941.25631956949,
  "peak_slack_max_kw": 0.0,
  "peak_slack_kwh": 0.0,
  "soc_initial": 0.5,
  "soc_final": 0.5,
  "soc_delta": 0.0,
  "soc_min": 0.14999999999999997,
  "soc_max": 0.85,
  "TES_charge_kwh_th": 20213.895591149456,
  "TES_discharge_kwh_th": 19747.73671799247,
  "TES_charge_weighted_avg_price": 0.03000838020621198,
  "TES_discharge_weighted_avg_price": 0.06786932953692036,
  "TES_arbitrage_spread": 0.03786094933070838,
  "solver_time_avg_s": 1.2750407999847084,
  "solver_time_p95_s": 1.2750407999847084,
  "solver_status": "optimal",
  "max_signed_du": 0.2500000000000004,
  "signed_valve_violation_count": 0,
  "grid_balance_violation_count": 0
}