{
  "scenario_id": "tou_screen_g0_cp0_hot_mpc_tes",
  "controller_type": "mpc",
  "closed_loop_steps": 2880,
  "dt_hours": 0.25,
  "total_cost": 1276355.210479532,
  "energy_cost": 1276355.210479532,
  "demand_charge_cost": 0.0,
  "cold_station_proxy_total_cost": 123383.56477410744,
  "cold_station_proxy_energy_cost": 123383.56477410744,
  "cold_station_proxy_grid_import_kwh": 1436922.0695208157,
  "cold_station_proxy_pv_spill_kwh": 124349.76000000001,
  "grid_import_kwh": 14272572.309520815,
  "peak_grid_kw": 21090.0,
  "peak_slack_max_kw": 0.0,
  "peak_slack_step_count": 0,
  "pv_actual_kwh": 386724.95999999996,
  "pv_used_kwh": 386724.95999999996,
  "pv_spill_kwh": 0.0,
  "pv_spill_reduction_vs_no_tes": null,
  "tes_charge_during_pv_surplus_kwh_th": 0.0,
  "soc_headroom_before_pv_hours": 0.0,
  "pv_self_consumption_ratio": 1.0,
  "pv_load_coverage_ratio": 0.2275793452602042,
  "it_energy_kwh": 12960000.0,
  "facility_energy_kwh": 14659297.269520815,
  "cold_station_energy_kwh": 1699297.2695208155,
  "pue_avg": 1.1311186164753715,
  "pue_p95": 1.1716666666666666,
  "temp_violation_count": 1,
  "temp_violation_degree_hours": 0.0003112661489135249,
  "max_temp_c": 27.001245064595654,
  "soc_min": 0.14999999999998942,
  "soc_max": 0.5,
  "soc_violation_count": 0,
  "initial_soc": 0.5,
  "final_soc_after_last_update": 0.15,
  "soc_delta": -0.35,
  "soc_inventory_delta_kwh_th": -6300.0,
  "tes_charge_kwh_th": 7333.601732477096,
  "tes_discharge_kwh_th": 8294.898340943244,
  "tes_equivalent_cycles": 0.460827685607958,
  "tes_charge_weighted_avg_price": 84.23925265203401,
  "tes_discharge_weighted_avg_price": 108.115308094828,
  "tes_arbitrage_price_spread": 23.876055442793984,
  "charge_steps": 551,
  "discharge_steps": 107,
  "idle_steps": 2222,
  "charge_discharge_switch_count": 58,
  "first_discharge_step": 38,
  "first_discharge_timestamp": "2025-07-01 09:30:00",
  "avg_chiller_plr": 0.9560623512232844,
  "avg_mode_specific_plr": 0.9560623512232844,
  "weighted_avg_chiller_cop": 7.086226482934841,
  "time_in_high_plr_region": 572.25,
  "low_plr_hours": 0.0,
  "high_plr_hours": 572.25,
  "time_in_each_mode": {
    "-1": 147.5,
    "2": 572.5
  },
  "mode_switch_count": 121,
  "max_signed_du": 0.10000000000000003,
  "signed_valve_violation_count": 0,
  "physical_consistency_violation_count": 0,
  "max_chiller_supply_deficit_kw_th": 1.6261765267699957e-09,
  "max_signed_valve_du": 0.10000000000000003,
  "tes_discharge_during_peak_cap_violation_kwh_th": 0.0,
  "dr_event_count": 0,
  "dr_requested_reduction_kwh": 0.0,
  "dr_served_reduction_kwh": 0.0,
  "dr_response_rate_avg": 0.0,
  "dr_revenue_cny": 0.0,
  "solve_time_avg_s": 0.16924571989572743,
  "solve_time_p95_s": 0.44954328500534746,
  "optimal_rate": 1.0,
  "feasible_rate": 1.0,
  "fallback_count": 0,
  "has_nan": false
}