{
  "scenario_id": "tariff_high",
  "controller_type": "mpc",
  "closed_loop_steps": 96,
  "dt_hours": 0.25,
  "total_cost": 56973.26589701152,
  "grid_import_kwh": 496320.2087256473,
  "pv_actual_kwh": 20343.6,
  "pv_used_kwh": 20343.6,
  "pv_spill_kwh": 0.0,
  "pv_self_consumption_ratio": 1.0,
  "pv_load_coverage_ratio": 0.03937492747978138,
  "it_energy_kwh": 432000.0,
  "facility_energy_kwh": 516663.8087256473,
  "pue_avg": 1.1959810387167762,
  "pue_p95": 1.265902213201482,
  "temp_violation_count": 26,
  "temp_violation_degree_hours": 5.6453443466361035,
  "max_temp_c": 28.740556037951496,
  "soc_min": 0.06022909900254006,
  "soc_max": 0.9499999999999994,
  "soc_violation_count": 0,
  "tes_charge_kwh_th": 54582.15901944799,
  "tes_discharge_kwh_th": 52523.80158277095,
  "tes_equivalent_cycles": 2.9179889768206086,
  "solve_time_avg_s": 0.23691806562480147,
  "solve_time_p95_s": 0.339743875003478,
  "optimal_rate": 1.0,
  "feasible_rate": 1.0,
  "fallback_count": 0,
  "has_nan": false
}