{
  "case_id": "high_spread_paper_like_mpc_tes",
  "controller": "paper_like_mpc_tes",
  "steps": 96,
  "cost_total": 18861.56133882665,
  "whole_facility_energy_cost": 18861.56133882665,
  "plant_energy_cost": 117.91029282665467,
  "grid_import_kwh": 434192.5131374478,
  "plant_energy_kwh": 7278.41313744782,
  "pv_used_kwh": 5085.9,
  "pv_spill_kwh": 0.0,
  "peak_grid_kw": 18950.88618276389,
  "peak_slack_max_kw": 0.0,
  "peak_slack_kwh": 0.0,
  "soc_initial": 0.5,
  "soc_final": 0.5,
  "soc_delta": 0.0,
  "soc_min": 0.14999999999999997,
  "soc_max": 0.5,
  "TES_charge_kwh_th": 34729.36811460019,
  "TES_discharge_kwh_th": 34518.470198347655,
  "TES_charge_weighted_avg_price": 0.016199999999999996,
  "TES_discharge_weighted_avg_price": 0.0602857133126651,
  "TES_arbitrage_spread": 0.0440857133126651,
  "solver_time_avg_s": 0.14307799999369308,
  "solver_time_p95_s": 0.14307799999369308,
  "solver_status": "optimal",
  "max_signed_du": 1.5184000000000002,
  "signed_valve_violation_count": 52,
  "grid_balance_violation_count": 0
}