{
  "scenario_id": "fixcheck_rbc",
  "controller_type": "rbc",
  "closed_loop_steps": 96,
  "dt_hours": 0.25,
  "total_cost": 4037.14525061981,
  "energy_cost": 4037.14525061981,
  "demand_charge_cost": 0.0,
  "grid_import_kwh": 36091.93345084583,
  "peak_grid_kw": 3090.0,
  "peak_slack_max_kw": 0.0,
  "peak_slack_step_count": 0,
  "pv_actual_kwh": 20343.6,
  "pv_used_kwh": 18466.021027046176,
  "pv_spill_kwh": 1877.5789729538228,
  "pv_spill_reduction_vs_no_tes": null,
  "tes_charge_during_pv_surplus_kwh_th": 0.0,
  "soc_headroom_before_pv_hours": 4.5,
  "pv_self_consumption_ratio": 0.9077066510866404,
  "pv_load_coverage_ratio": 0.338466154088108,
  "it_energy_kwh": 432000.0,
  "facility_energy_kwh": 486557.954477892,
  "cold_station_energy_kwh": 54557.954477892,
  "pue_avg": 1.1262915612914168,
  "pue_p95": 1.1716666666666666,
  "temp_violation_count": 13,
  "temp_violation_degree_hours": 0.6847265937601357,
  "max_temp_c": 27.397461105978863,
  "soc_min": 0.14841145331284186,
  "soc_max": 0.8495899267928225,
  "soc_violation_count": 0,
  "initial_soc": 0.5,
  "final_soc_after_last_update": 0.14833724758618544,
  "soc_delta": -0.35166275241381456,
  "soc_inventory_delta_kwh_th": -6329.929543448662,
  "tes_charge_kwh_th": 6929.7016275898295,
  "tes_discharge_kwh_th": 11434.443859915105,
  "tes_equivalent_cycles": 0.6352468811063947,
  "tes_charge_weighted_avg_price": 29.0,
  "tes_discharge_weighted_avg_price": 165.0,
  "tes_arbitrage_price_spread": 136.0,
  "charge_steps": 32,
  "discharge_steps": 19,
  "idle_steps": 45,
  "charge_discharge_switch_count": 1,
  "first_discharge_step": 32,
  "first_discharge_timestamp": "2025-07-01 08:00:00",
  "avg_chiller_plr": 0.831256411210449,
  "avg_mode_specific_plr": 0.831256411210449,
  "weighted_avg_chiller_cop": 6.986092023062456,
  "time_in_high_plr_region": 17.0,
  "low_plr_hours": 0.0,
  "high_plr_hours": 17.0,
  "time_in_each_mode": {
    "0": 5.5,
    "1": 2.25,
    "2": 16.25
  },
  "mode_switch_count": 3,
  "max_signed_du": 0.10000000000000003,
  "signed_valve_violation_count": 0,
  "physical_consistency_violation_count": 0,
  "max_chiller_supply_deficit_kw_th": 0.0,
  "max_signed_valve_du": 0.10000000000000003,
  "tes_discharge_during_peak_cap_violation_kwh_th": 0.0,
  "solve_time_avg_s": 0.0,
  "solve_time_p95_s": 0.0,
  "optimal_rate": 1.0,
  "feasible_rate": 1.0,
  "fallback_count": 0,
  "has_nan": false
}