{
  "scenario_id": "robust_base_cp20_h6_mpc_tes",
  "controller_type": "mpc",
  "closed_loop_steps": 2880,
  "dt_hours": 0.25,
  "total_cost": 1311164.398999732,
  "energy_cost": 1311164.398999732,
  "demand_charge_cost": 0.0,
  "cold_station_proxy_total_cost": 105941.51500648283,
  "cold_station_proxy_energy_cost": 105941.51500648283,
  "cold_station_proxy_grid_import_kwh": 1417363.1439633477,
  "cold_station_proxy_pv_spill_kwh": 105212.15676576253,
  "grid_import_kwh": 14272150.987197585,
  "peak_grid_kw": 21090.0,
  "peak_slack_max_kw": 0.0,
  "peak_slack_step_count": 0,
  "pv_actual_kwh": 386724.95999999996,
  "pv_used_kwh": 386724.95999999996,
  "pv_spill_kwh": 0.0,
  "pv_spill_reduction_vs_no_tes": null,
  "tes_charge_during_pv_surplus_kwh_th": 0.0,
  "soc_headroom_before_pv_hours": 0.0,
  "pv_self_consumption_ratio": 1.0,
  "pv_load_coverage_ratio": 0.2276357850836195,
  "it_energy_kwh": 12960000.0,
  "facility_energy_kwh": 14658875.947197586,
  "cold_station_energy_kwh": 1698875.947197585,
  "pue_avg": 1.1310861070368508,
  "pue_p95": 1.1716666666666666,
  "temp_violation_count": 0,
  "temp_violation_degree_hours": 9.64561763794336e-13,
  "max_temp_c": 27.00000000000004,
  "soc_min": 0.14006714732654685,
  "soc_max": 0.5,
  "soc_violation_count": 0,
  "initial_soc": 0.5,
  "final_soc_after_last_update": 0.15,
  "soc_delta": -0.35,
  "soc_inventory_delta_kwh_th": -6300.0,
  "tes_charge_kwh_th": 87243.36955147803,
  "tes_discharge_kwh_th": 75564.20709495874,
  "tes_equivalent_cycles": 4.198011505275486,
  "tes_charge_weighted_avg_price": 29.635523776264453,
  "tes_discharge_weighted_avg_price": 162.51120423938397,
  "tes_arbitrage_price_spread": 132.87568046311952,
  "charge_steps": 769,
  "discharge_steps": 475,
  "idle_steps": 1636,
  "charge_discharge_switch_count": 63,
  "first_discharge_step": 35,
  "first_discharge_timestamp": "2025-07-01 08:45:00",
  "avg_chiller_plr": 0.9312838603347028,
  "avg_mode_specific_plr": 0.9312838603347028,
  "weighted_avg_chiller_cop": 7.069538953695284,
  "time_in_high_plr_region": 594.25,
  "low_plr_hours": 0.0,
  "high_plr_hours": 594.25,
  "time_in_each_mode": {
    "-1": 119.5,
    "0": 27.0,
    "1": 1.0,
    "2": 572.5
  },
  "mode_switch_count": 158,
  "max_signed_du": 0.1000000000003011,
  "signed_valve_violation_count": 0,
  "physical_consistency_violation_count": 0,
  "max_chiller_supply_deficit_kw_th": 3.637978807091713e-12,
  "max_signed_valve_du": 0.1000000000003011,
  "tes_discharge_during_peak_cap_violation_kwh_th": 0.0,
  "dr_event_count": 0,
  "dr_requested_reduction_kwh": 0.0,
  "dr_served_reduction_kwh": 0.0,
  "dr_response_rate_avg": 0.0,
  "dr_revenue_cny": 0.0,
  "solve_time_avg_s": 0.09341546874984993,
  "solve_time_p95_s": 0.23390503500486343,
  "optimal_rate": 1.0,
  "feasible_rate": 1.0,
  "fallback_count": 0,
  "has_nan": false
}