{
  "case_id": "strict_cap_1p0_paper_like_mpc_tes",
  "controller": "paper_like_mpc_tes",
  "steps": 96,
  "cost_total": 19216.043232725613,
  "whole_facility_energy_cost": 19216.043232725613,
  "plant_energy_cost": 264.62176272561584,
  "grid_import_kwh": 435379.5573523242,
  "plant_energy_kwh": 8465.457352324109,
  "pv_used_kwh": 5085.9,
  "pv_spill_kwh": 0.0,
  "peak_grid_kw": 18383.9328,
  "peak_slack_max_kw": 0.0,
  "peak_slack_kwh": 0.0,
  "soc_initial": 0.5,
  "soc_target": 0.5,
  "soc_final": 0.5,
  "terminal_soc_abs_error": 0.0,
  "soc_delta": 0.0,
  "soc_min": 0.4979246263553488,
  "soc_max": 0.7259650518253544,
  "soc_violation_count": 0,
  "TES_charge_kwh_th": 7643.247214799183,
  "TES_discharge_kwh_th": 7118.506323338005,
  "TES_charge_weighted_avg_price": 0.038472141385988146,
  "TES_discharge_weighted_avg_price": 0.13932347747498558,
  "TES_arbitrage_spread": 0.10085133608899743,
  "solver_time_avg_s": 0.02620639998349361,
  "solver_time_p95_s": 0.02620639998349361,
  "solver_status": "optimal",
  "mode_integrality": "strict",
  "strict_success": true,
  "fallback_reason": "",
  "mode_fractionality_max": 1.2212453270876722e-15,
  "solver_message": "Optimization terminated successfully. (HiGHS Status 7: Optimal)",
  "max_signed_du": 0.9829338969479551,
  "signed_valve_violation_count": 34,
  "grid_balance_violation_count": 0
}