{
  "scenario_id": "tou_full_flat_mild_mpc_tes",
  "controller_type": "mpc",
  "closed_loop_steps": 2880,
  "dt_hours": 0.25,
  "total_cost": 1223029.5665862898,
  "energy_cost": 1223029.5665862898,
  "demand_charge_cost": 0.0,
  "cold_station_proxy_total_cost": 74263.61281058901,
  "cold_station_proxy_energy_cost": 74263.61281058901,
  "cold_station_proxy_grid_import_kwh": 888489.7747542675,
  "cold_station_proxy_pv_spill_kwh": 170491.1390232117,
  "grid_import_kwh": 13677998.635731056,
  "peak_grid_kw": 21090.00000000003,
  "peak_slack_max_kw": 0.0,
  "peak_slack_step_count": 0,
  "pv_actual_kwh": 386724.95999999996,
  "pv_used_kwh": 386724.95999999996,
  "pv_spill_kwh": 0.0,
  "pv_spill_reduction_vs_no_tes": null,
  "tes_charge_during_pv_surplus_kwh_th": 0.0,
  "soc_headroom_before_pv_hours": 0.0,
  "pv_self_consumption_ratio": 1.0,
  "pv_load_coverage_ratio": 0.35006490446515987,
  "it_energy_kwh": 12960000.0,
  "facility_energy_kwh": 14064723.595731057,
  "cold_station_energy_kwh": 1104723.5957310558,
  "pue_avg": 1.0852410181891248,
  "pue_p95": 1.1716666666666666,
  "temp_violation_count": 0,
  "temp_violation_degree_hours": 1.4210854715202004e-14,
  "max_temp_c": 27.000000000000053,
  "soc_min": 0.15000000000000446,
  "soc_max": 0.5,
  "soc_violation_count": 0,
  "initial_soc": 0.5,
  "final_soc_after_last_update": 0.15341411836441085,
  "soc_delta": -0.3465858816355891,
  "soc_inventory_delta_kwh_th": -6238.545869440604,
  "tes_charge_kwh_th": 5685.67386781676,
  "tes_discharge_kwh_th": 6755.790958691616,
  "tes_equivalent_cycles": 0.375321719927312,
  "tes_charge_weighted_avg_price": 87.06066964433988,
  "tes_discharge_weighted_avg_price": 108.773956100556,
  "tes_arbitrage_price_spread": 21.713286456216125,
  "charge_steps": 708,
  "discharge_steps": 51,
  "idle_steps": 2121,
  "charge_discharge_switch_count": 39,
  "first_discharge_step": 71,
  "first_discharge_timestamp": "2025-07-01 17:45:00",
  "avg_chiller_plr": 0.8798586571088058,
  "avg_mode_specific_plr": 0.8798586571088058,
  "weighted_avg_chiller_cop": 7.0218821114932295,
  "time_in_high_plr_region": 413.25,
  "low_plr_hours": 0.0,
  "high_plr_hours": 413.25,
  "time_in_each_mode": {
    "-1": 295.75,
    "0": 38.0,
    "2": 386.25
  },
  "mode_switch_count": 362,
  "max_signed_du": 0.10000000000000306,
  "signed_valve_violation_count": 0,
  "physical_consistency_violation_count": 0,
  "max_chiller_supply_deficit_kw_th": 1.3205863069742918e-09,
  "max_signed_valve_du": 0.10000000000000306,
  "tes_discharge_during_peak_cap_violation_kwh_th": 0.0,
  "dr_event_count": 0,
  "dr_requested_reduction_kwh": 0.0,
  "dr_served_reduction_kwh": 0.0,
  "dr_response_rate_avg": 0.0,
  "dr_revenue_cny": 0.0,
  "solve_time_avg_s": 0.22570141833329116,
  "solve_time_p95_s": 0.454589164994104,
  "optimal_rate": 1.0,
  "feasible_rate": 1.0,
  "fallback_count": 0,
  "has_nan": false
}