{
  "scenario_id": "pv_priority_pv_scale-1_w_spill-0p02",
  "controller_type": "mpc",
  "closed_loop_steps": 96,
  "dt_hours": 0.25,
  "total_cost": 2783.4066050194406,
  "energy_cost": 2783.4066050194406,
  "demand_charge_cost": 0.0,
  "grid_import_kwh": 42324.177484966305,
  "peak_grid_kw": 3090.0,
  "peak_slack_max_kw": 0.0,
  "peak_slack_step_count": 0,
  "pv_actual_kwh": 20343.6,
  "pv_used_kwh": 19816.0,
  "pv_spill_kwh": 527.5999999999999,
  "pv_spill_reduction_vs_no_tes": null,
  "tes_charge_during_pv_surplus_kwh_th": 40.691489361692334,
  "soc_headroom_before_pv_hours": 0.5,
  "pv_self_consumption_ratio": 0.9740655537859573,
  "pv_load_coverage_ratio": 0.31889191183585086,
  "it_energy_kwh": 432000.0,
  "facility_energy_kwh": 494140.17748496635,
  "cold_station_energy_kwh": 62140.177484966305,
  "pue_avg": 1.143843003437422,
  "pue_p95": 1.1716666666666666,
  "temp_violation_count": 0,
  "temp_violation_degree_hours": 0.0,
  "max_temp_c": 26.960577695673383,
  "soc_min": 0.5,
  "soc_max": 0.8500000000000001,
  "soc_violation_count": 0,
  "initial_soc": 0.5,
  "final_soc_after_last_update": 0.8236104544668993,
  "soc_delta": 0.3236104544668993,
  "soc_inventory_delta_kwh_th": 5824.988180404187,
  "tes_charge_kwh_th": 7076.055617661545,
  "tes_discharge_kwh_th": 110.0005389798999,
  "tes_equivalent_cycles": 0.006111141054438884,
  "tes_charge_weighted_avg_price": 31.125417786505707,
  "tes_discharge_weighted_avg_price": 83.0,
  "tes_arbitrage_price_spread": 51.87458221349429,
  "charge_steps": 49,
  "discharge_steps": 1,
  "idle_steps": 46,
  "charge_discharge_switch_count": 1,
  "first_discharge_step": 95,
  "first_discharge_timestamp": "2025-07-01 23:45:00",
  "avg_chiller_plr": 0.9719616806077553,
  "avg_mode_specific_plr": 0.9719616806077553,
  "weighted_avg_chiller_cop": 7.100456559523217,
  "time_in_high_plr_region": 21.25,
  "low_plr_hours": 0.0,
  "high_plr_hours": 21.25,
  "time_in_each_mode": {
    "-1": 2.0,
    "0": 2.25,
    "2": 19.75
  },
  "mode_switch_count": 6,
  "max_signed_du": 0.10000000000000003,
  "signed_valve_violation_count": 0,
  "physical_consistency_violation_count": 0,
  "max_chiller_supply_deficit_kw_th": 0.0,
  "max_signed_valve_du": 0.10000000000000003,
  "tes_discharge_during_peak_cap_violation_kwh_th": 0.0,
  "solve_time_avg_s": 1.7721963760426054,
  "solve_time_p95_s": 4.807298625011754,
  "optimal_rate": 1.0,
  "feasible_rate": 1.0,
  "fallback_count": 0,
  "has_nan": false
}