{
  "case_id": "strict_cap_0p95_paper_like_mpc_tes",
  "controller": "paper_like_mpc_tes",
  "steps": 96,
  "cost_total": 38747.4352709072,
  "whole_facility_energy_cost": 38747.4352709072,
  "plant_energy_cost": 513.2775269071931,
  "grid_import_kwh": 418243.4468848873,
  "plant_energy_kwh": 6587.046884887348,
  "pv_used_kwh": 20343.6,
  "pv_spill_kwh": 0.0,
  "peak_grid_kw": 18943.515804563012,
  "peak_slack_max_kw": 1478.7796445630142,
  "peak_slack_kwh": 8696.96099370095,
  "soc_initial": 0.5,
  "soc_target": 0.5,
  "soc_final": 0.15,
  "terminal_soc_abs_error": 0.35,
  "soc_delta": -0.35,
  "soc_min": 0.15,
  "soc_max": 0.85,
  "soc_violation_count": 0,
  "TES_charge_kwh_th": 27426.993772684094,
  "TES_discharge_kwh_th": 33417.4153211972,
  "TES_charge_weighted_avg_price": 0.07862721347510483,
  "TES_discharge_weighted_avg_price": 0.10347657761038316,
  "TES_arbitrage_spread": 0.02484936413527833,
  "solver_time_avg_s": 1.2829767999937758,
  "solver_time_p95_s": 1.2829767999937758,
  "solver_status": "optimal",
  "mode_integrality": "strict",
  "strict_success": true,
  "fallback_reason": "",
  "mode_fractionality_max": 2.5324841012915086e-15,
  "solver_message": "Optimization terminated successfully. (HiGHS Status 7: Optimal)",
  "max_signed_du": 1.5071529003975639,
  "signed_valve_violation_count": 40,
  "grid_balance_violation_count": 0,
  "plant_tracking_error_abs_max_kw_th": 0.0
}