{
  "case_id": "paper_like_mpc_tes",
  "controller": "paper_like_mpc_tes",
  "steps": 96,
  "cost_total": 19162.45679351464,
  "whole_facility_energy_cost": 19162.45679351464,
  "plant_energy_cost": 211.03532351464037,
  "grid_import_kwh": 434191.1801211945,
  "plant_energy_kwh": 7277.0801211944945,
  "pv_used_kwh": 5085.9,
  "pv_spill_kwh": 0.0,
  "peak_grid_kw": 18950.88618276389,
  "peak_slack_max_kw": 0.0,
  "peak_slack_kwh": 0.0,
  "soc_initial": 0.5,
  "soc_target": 0.5,
  "soc_final": 0.5,
  "terminal_soc_abs_error": 0.0,
  "soc_delta": 0.0,
  "soc_min": 0.14999999999999997,
  "soc_max": 0.5,
  "soc_violation_count": 0,
  "TES_charge_kwh_th": 34675.756990163485,
  "TES_discharge_kwh_th": 34475.43856798495,
  "TES_charge_weighted_avg_price": 0.028999999999999995,
  "TES_discharge_weighted_avg_price": 0.053522633509638116,
  "TES_arbitrage_spread": 0.024522633509638122,
  "solver_time_avg_s": 0.18013339999015443,
  "solver_time_p95_s": 0.18013339999015443,
  "solver_status": "optimal",
  "mode_integrality": "strict",
  "strict_success": true,
  "fallback_reason": "",
  "mode_fractionality_max": 0.0,
  "solver_message": "Optimization terminated successfully. (HiGHS Status 7: Optimal)",
  "max_signed_du": 1.5184000000000002,
  "signed_valve_violation_count": 55,
  "grid_balance_violation_count": 0
}