{
  "case_id": "relaxed_cap_1p0_paper_like_mpc_tes",
  "controller": "paper_like_mpc_tes",
  "steps": 96,
  "cost_total": 38711.510566580306,
  "energy_cost": 38711.510566580306,
  "whole_facility_energy_cost": 38711.510566580306,
  "plant_energy_cost": 477.35282258029736,
  "peak_slack_penalty_cost": 0.0,
  "objective_cost": 38711.510566580306,
  "grid_import_kwh": 418846.19523415266,
  "plant_energy_kwh": 7189.795234152617,
  "pv_used_kwh": 20343.6,
  "pv_spill_kwh": 0.0,
  "peak_grid_kw": 18383.9328,
  "peak_slack_max_kw": 0.0,
  "peak_slack_kwh": 0.0,
  "peak_cap_success_flag": true,
  "soc_initial": 0.5,
  "soc_target": 0.5,
  "soc_final": 0.5,
  "terminal_soc_abs_error": 0.0,
  "soc_delta": 0.0,
  "soc_min": 0.432017955693874,
  "soc_max": 0.85,
  "soc_violation_count": 0,
  "TES_charge_kwh_th": 17784.336267818908,
  "TES_discharge_kwh_th": 17239.67153810949,
  "TES_discharge_during_cp_kwh_th": 281.24999999999994,
  "TES_charge_during_valley_kwh_th": 11593.760298523739,
  "grid_reduction_during_cp_kwh": 38.60156249999999,
  "cp_hours": 3.0,
  "TES_charge_weighted_avg_price": 0.05788474415369245,
  "TES_discharge_weighted_avg_price": 0.14092519678546037,
  "TES_arbitrage_spread": 0.08304045263176792,
  "solver_time_avg_s": 0.00770300003932789,
  "solver_time_p95_s": 0.00770300003932789,
  "solver_status": "optimal_relaxed_modes",
  "mode_integrality": "relaxed",
  "strict_success": false,
  "fallback_reason": "",
  "mode_fractionality_max": 0.47329736138016376,
  "solver_message": "Optimization terminated successfully. (HiGHS Status 7: Optimal)",
  "max_signed_du": 0.2500000000000009,
  "signed_valve_violation_count": 0,
  "grid_balance_violation_count": 0,
  "plant_tracking_error_abs_max_kw_th": 0.0
}