{
  "seed": "m2_physfix_teacher_beta2_10ep_20260428-215532_seed4_det",
  "reward_cls": "rl_cost",
  "checkpoint": "runs\\run\\run-060\\m2_physfix_teacher_beta2_10ep_20260428-215532_seed4.zip",
  "steps": 35040,
  "total_reward": -62804.129691511465,
  "total_facility_MWh": 161192.6202008,
  "total_ite_MWh": 131400.3566952,
  "energy_unit_detected": "MWh",
  "pue": 1.2267289393643503,
  "comfort_violation_pct": 4.697354527553437,
  "mean_temperature_C": 22.277804193858625,
  "max_temperature_C": 41.103035,
  "p95_temperature_C": 24.931654,
  "cost_usd_annual": 14419107.6570195,
  "pv_self_consumption_pct": 4.431562618128189,
  "tes_annual_cycles_rough": 51.26464285714286,
  "tes_soc_daily_amplitude_mean": 0.015539957041095889,
  "tes_activated": false,
  "valve_mean_abs": 0.0058502896606832,
  "valve_active_fraction": 0.0175508689820496,
  "valve_saturation_fraction": 0.0,
  "charge_fraction": 0.0175508689820496,
  "discharge_fraction": 0.0,
  "price_low_valve_mean": -0.005212693097937752,
  "price_high_valve_mean": -0.006785102739726027,
  "price_response_high_minus_low": -0.0015724096417882756,
  "pv_low_valve_mean": -0.006081729412428741,
  "pv_high_valve_mean": -0.00587631218621634,
  "pv_response_high_minus_low": 0.00020541722621240065,
  "monitor_csv": "C:\\Users\\18430\\Desktop\\\u6bd5\u4e1a\u8bbe\u8ba1\u4ee3\u7801\\AI-Data-Center-Analysis_migration_bundle_20260311\\runs\\eval\\run-021\\episode-001\\monitor.csv",
  "elapsed_seconds": 49.54459560000032
}