{
  "seed": "m2_physfix_teacher_beta2_10ep_20260428-215532_seed1_det",
  "reward_cls": "rl_cost",
  "checkpoint": "runs\\run\\run-061\\m2_physfix_teacher_beta2_10ep_20260428-215532_seed1.zip",
  "steps": 35040,
  "total_reward": -169103.60107086512,
  "total_facility_MWh": 162359.4917824,
  "total_ite_MWh": 131315.8359028,
  "energy_unit_detected": "MWh",
  "pue": 1.236404510287537,
  "comfort_violation_pct": 97.54573214234755,
  "mean_temperature_C": 35.63265773254188,
  "max_temperature_C": 42.859325,
  "p95_temperature_C": 41.134823,
  "cost_usd_annual": 14508117.0220764,
  "pv_self_consumption_pct": 4.399713143703218,
  "tes_annual_cycles_rough": 99.27835714285715,
  "tes_soc_daily_amplitude_mean": 0.01831956684931507,
  "tes_activated": false,
  "valve_mean_abs": 0.01132958534288405,
  "valve_active_fraction": 0.03398875602865215,
  "valve_saturation_fraction": 0.0,
  "charge_fraction": 0.03398875602865215,
  "discharge_fraction": 0.0,
  "price_low_valve_mean": -0.011414656418841793,
  "price_high_valve_mean": -0.01072345890410959,
  "price_response_high_minus_low": 0.0006911975147322041,
  "pv_low_valve_mean": -0.011965908449511769,
  "pv_high_valve_mean": -0.009071200365130077,
  "pv_response_high_minus_low": 0.002894708084381692,
  "monitor_csv": "C:\\Users\\18430\\Desktop\\\u6bd5\u4e1a\u8bbe\u8ba1\u4ee3\u7801\\AI-Data-Center-Analysis_migration_bundle_20260311\\runs\\eval\\run-022\\episode-001\\monitor.csv",
  "elapsed_seconds": 48.303503300001466
}