{
  "seed": "m2f1_4a_fixedfan_valve020_10ep_seed4_det",
  "reward_cls": "rl_cost",
  "checkpoint": "runs\\run\\run-067\\m2f1_4a_fixedfan_10ep_seed4.zip",
  "steps": 35040,
  "total_reward": -61766.372047587225,
  "total_facility_MWh": 162049.0350786,
  "total_ite_MWh": 131391.9543672,
  "energy_unit_detected": "MWh",
  "pue": 1.2333254030587208,
  "comfort_violation_pct": 0.019976598841357267,
  "mean_temperature_C": 21.307791553037873,
  "max_temperature_C": 41.103035,
  "p95_temperature_C": 23.913872,
  "cost_usd_annual": 14464433.428322898,
  "pv_self_consumption_pct": 4.408142200004585,
  "tes_annual_cycles_rough": 47.76364285714286,
  "tes_soc_daily_amplitude_mean": 0.014972271424657535,
  "tes_activated": false,
  "valve_mean_abs": 0.005450757683856055,
  "valve_active_fraction": 0.016352273051568163,
  "valve_saturation_fraction": 0.0,
  "charge_fraction": 0.016352273051568163,
  "discharge_fraction": 0.0,
  "price_low_valve_mean": -0.005935621337797732,
  "price_high_valve_mean": -0.005500856164383562,
  "price_response_high_minus_low": 0.00043476517341417033,
  "pv_low_valve_mean": -0.005235084946661399,
  "pv_high_valve_mean": -0.0057622090369694205,
  "pv_response_high_minus_low": -0.0005271240903080218,
  "monitor_csv": "C:\\Users\\18430\\Desktop\\\u6bd5\u4e1a\u8bbe\u8ba1\u4ee3\u7801\\AI-Data-Center-Analysis_migration_bundle_20260311\\runs\\eval\\run-031\\episode-001\\monitor.csv",
  "elapsed_seconds": 52.95790900000429
}