{
  "seed": "m2f1_4a_fixedfan_valve005_10ep_seed1_det",
  "reward_cls": "rl_cost",
  "checkpoint": "runs\\run\\run-069\\m2f1_4a_fixedfan_valve005_10ep_seed1.zip",
  "steps": 35040,
  "total_reward": -58794.74761139404,
  "total_facility_MWh": 158216.3772054,
  "total_ite_MWh": 131406.05613160002,
  "energy_unit_detected": "MWh",
  "pue": 1.2040265255883646,
  "comfort_violation_pct": 1.8178704945635111,
  "mean_temperature_C": 21.37830117724951,
  "max_temperature_C": 41.103035,
  "p95_temperature_C": 24.343637,
  "cost_usd_annual": 14127667.098133301,
  "pv_self_consumption_pct": 4.514925715133993,
  "tes_annual_cycles_rough": 747.5648102153829,
  "tes_soc_daily_amplitude_mean": 0.3519797205134246,
  "tes_activated": true,
  "valve_mean_abs": 0.0853282708736149,
  "valve_active_fraction": 0.22034188522017065,
  "valve_saturation_fraction": 0.0010273679404126594,
  "charge_fraction": 0.14634285551211437,
  "discharge_fraction": 0.07399902970805627,
  "price_low_valve_mean": -0.007703175577233544,
  "price_high_valve_mean": -0.056316142707125,
  "price_response_high_minus_low": -0.04861296712989145,
  "pv_low_valve_mean": 0.007024466946008013,
  "pv_high_valve_mean": -0.10798547790952989,
  "pv_response_high_minus_low": -0.11500994485553791,
  "monitor_csv": "C:\\Users\\18430\\Desktop\\\u6bd5\u4e1a\u8bbe\u8ba1\u4ee3\u7801\\AI-Data-Center-Analysis_migration_bundle_20260311\\runs\\eval\\run-029\\episode-001\\monitor.csv",
  "elapsed_seconds": 60.5997647999975
}