{
  "baseline_neutral": {
    "pv_col_used": "current_pv_kw",
    "pv_kw_mean": 815.4278585653207,
    "pv_kw_max": 5060.16015625,
    "pv_kw_nonzero_steps": 17272,
    "load_kw_mean": 18176.661960023972,
    "load_kw_max": 18891.084,
    "load_kw_min": 17887.1708,
    "pv_exceeds_load_steps": 0,
    "pv_exceeds_load_pct": 0.0
  },
  "heuristic": {
    "pv_col_used": "current_pv_kw",
    "pv_kw_mean": 815.4511299083163,
    "pv_kw_max": 5060.16015625,
    "pv_kw_nonzero_steps": 17272,
    "load_kw_mean": 18494.360815580578,
    "load_kw_max": 20347.06687927246,
    "load_kw_min": 15589.034080505373,
    "pv_exceeds_load_steps": 0,
    "pv_exceeds_load_pct": 0.0
  },
  "mpc_milp": {
    "pv_col_used": "current_pv_kw",
    "pv_kw_mean": 815.4511299083163,
    "pv_kw_max": 5060.16015625,
    "pv_kw_nonzero_steps": 17272,
    "load_kw_mean": 18462.89416850974,
    "load_kw_max": 20377.164840698242,
    "load_kw_min": 15366.381645202637,
    "pv_exceeds_load_steps": 0,
    "pv_exceeds_load_pct": 0.0
  }
}