{
  "seed": "m2f1_4a_fixedfan_valve005_10ep_seed4_det",
  "reward_cls": "rl_cost",
  "checkpoint": "runs\\run\\run-068\\m2f1_4a_fixedfan_valve005_10ep_seed4.zip",
  "steps": 35040,
  "total_reward": -60891.72472161976,
  "total_facility_MWh": 158766.5895459,
  "total_ite_MWh": 131453.20195209997,
  "energy_unit_detected": "MWh",
  "pue": 1.2077803141208587,
  "comfort_violation_pct": 2.1860106732113813,
  "mean_temperature_C": 21.60887824856597,
  "max_temperature_C": 41.103035,
  "p95_temperature_C": 24.507374,
  "cost_usd_annual": 14165394.092846598,
  "pv_self_consumption_pct": 4.49927904884222,
  "tes_annual_cycles_rough": 49.26407142857143,
  "tes_soc_daily_amplitude_mean": 0.01506701243835616,
  "tes_activated": false,
  "valve_mean_abs": 0.005621985673924831,
  "valve_active_fraction": 0.016865957021774493,
  "valve_saturation_fraction": 0.0,
  "charge_fraction": 0.016865957021774493,
  "discharge_fraction": 0.0,
  "price_low_valve_mean": -0.005840499200974051,
  "price_high_valve_mean": -0.0060145547945205475,
  "price_response_high_minus_low": -0.0001740555935464969,
  "pv_low_valve_mean": -0.005644296438448947,
  "pv_high_valve_mean": -0.004450022820629849,
  "pv_response_high_minus_low": 0.001194273617819098,
  "monitor_csv": "C:\\Users\\18430\\Desktop\\\u6bd5\u4e1a\u8bbe\u8ba1\u4ee3\u7801\\AI-Data-Center-Analysis_migration_bundle_20260311\\runs\\eval\\run-028\\episode-001\\monitor.csv",
  "elapsed_seconds": 54.382639700001164
}