{
  "baseline_neutral": {
    "pv_col_used": "current_pv_kw",
    "pv_kw_mean": 815.4278585653207,
    "pv_kw_max": 5060.16015625,
    "pv_kw_nonzero_steps": 17272,
    "load_kw_mean": 8933.582874107473,
    "load_kw_max": 9757.7116,
    "load_kw_min": 6969.926,
    "pv_exceeds_load_steps": 0,
    "pv_exceeds_load_pct": 0.0
  },
  "heuristic": {
    "pv_col_used": "current_pv_kw",
    "pv_kw_mean": 815.4511299083163,
    "pv_kw_max": 5060.16015625,
    "pv_kw_nonzero_steps": 17272,
    "load_kw_mean": 9536.038199271241,
    "load_kw_max": 11284.436225891113,
    "load_kw_min": 6938.765525817871,
    "pv_exceeds_load_steps": 0,
    "pv_exceeds_load_pct": 0.0
  },
  "mpc_milp": {
    "pv_col_used": "current_pv_kw",
    "pv_kw_mean": 815.4511299083163,
    "pv_kw_max": 5060.16015625,
    "pv_kw_nonzero_steps": 17272,
    "load_kw_mean": 9556.118262059068,
    "load_kw_max": 11288.59615325928,
    "load_kw_min": 6944.336891174316,
    "pv_exceeds_load_steps": 0,
    "pv_exceeds_load_pct": 0.0
  }
}