{
  "seed": "m2f1_4a_fixedfan_valve020_10ep_seed1_det",
  "reward_cls": "rl_cost",
  "checkpoint": "runs\\run\\run-066\\m2f1_4a_fixedfan_10ep_seed1.zip",
  "steps": 35040,
  "total_reward": -60740.97615553279,
  "total_facility_MWh": 158915.88314589998,
  "total_ite_MWh": 131394.21788060002,
  "energy_unit_detected": "MWh",
  "pue": 1.209458724358094,
  "comfort_violation_pct": 0.019976598841357267,
  "mean_temperature_C": 21.31891841793899,
  "max_temperature_C": 41.103035,
  "p95_temperature_C": 23.956875,
  "cost_usd_annual": 14178729.4305721,
  "pv_self_consumption_pct": 4.4950521990566035,
  "tes_annual_cycles_rough": 48.26378571428572,
  "tes_soc_daily_amplitude_mean": 0.014829559095890413,
  "tes_activated": false,
  "valve_mean_abs": 0.005507833680545647,
  "valve_active_fraction": 0.01652350104163694,
  "valve_saturation_fraction": 0.0,
  "charge_fraction": 0.01652350104163694,
  "discharge_fraction": 0.0,
  "price_low_valve_mean": -0.005745377064150369,
  "price_high_valve_mean": -0.005286815068493151,
  "price_response_high_minus_low": 0.0004585619956572187,
  "pv_low_valve_mean": -0.005446746063103234,
  "pv_high_valve_mean": -0.005476951163852123,
  "pv_response_high_minus_low": -3.020510074888856e-05,
  "monitor_csv": "C:\\Users\\18430\\Desktop\\\u6bd5\u4e1a\u8bbe\u8ba1\u4ee3\u7801\\AI-Data-Center-Analysis_migration_bundle_20260311\\runs\\eval\\run-030\\episode-001\\monitor.csv",
  "elapsed_seconds": 53.064731599995866
}