{
  "case_id": "relaxed_cap_0p97_paper_like_mpc_tes",
  "controller": "paper_like_mpc_tes",
  "steps": 96,
  "cost_total": 38705.21227163747,
  "energy_cost": 38705.21227163747,
  "whole_facility_energy_cost": 38705.21227163747,
  "plant_energy_cost": 471.05452763746507,
  "peak_slack_penalty_cost": 329221308.635399,
  "objective_cost": 329288013.84767044,
  "grid_import_kwh": 417950.90741687873,
  "plant_energy_kwh": 6294.507416878783,
  "pv_used_kwh": 20343.6,
  "pv_spill_kwh": 0.0,
  "peak_grid_kw": 18312.838722827564,
  "peak_slack_max_kw": 480.4239068275674,
  "peak_slack_kwh": 3292.2130863539896,
  "peak_cap_success_flag": false,
  "soc_initial": 0.5,
  "soc_target": 0.5,
  "soc_final": 0.15,
  "terminal_soc_abs_error": 0.35,
  "soc_delta": -0.35,
  "soc_min": 0.15,
  "soc_max": 0.85,
  "soc_violation_count": 0,
  "TES_charge_kwh_th": 15653.564201865493,
  "TES_discharge_kwh_th": 21631.943678158506,
  "TES_discharge_during_cp_kwh_th": 0.0,
  "TES_charge_during_valley_kwh_th": 6537.20920218376,
  "grid_reduction_during_cp_kwh": 0.0,
  "cp_hours": 3.0,
  "TES_charge_weighted_avg_price": 0.06835205876615452,
  "TES_discharge_weighted_avg_price": 0.11630507841632498,
  "TES_arbitrage_spread": 0.04795301965017046,
  "solver_time_avg_s": 0.007820700004231185,
  "solver_time_p95_s": 0.007820700004231185,
  "solver_status": "optimal_relaxed_modes",
  "mode_integrality": "relaxed",
  "strict_success": false,
  "fallback_reason": "",
  "mode_fractionality_max": 0.46925996205670983,
  "solver_message": "Optimization terminated successfully. (HiGHS Status 7: Optimal)",
  "max_signed_du": 0.2500000000000002,
  "signed_valve_violation_count": 0,
  "grid_balance_violation_count": 0,
  "plant_tracking_error_abs_max_kw_th": 0.0
}