{
  "case_id": "relaxed_cap_1p0_paper_like_mpc_tes_relaxed",
  "controller": "paper_like_mpc_tes_relaxed",
  "steps": 96,
  "cost_total": 38726.803247171265,
  "energy_cost": 38726.803247171265,
  "whole_facility_energy_cost": 38726.803247171265,
  "plant_energy_cost": 492.6455031712651,
  "peak_slack_penalty_cost": 0.0,
  "objective_cost": 38726.80324717128,
  "grid_import_kwh": 418845.9641301064,
  "plant_energy_kwh": 7189.564130106473,
  "pv_used_kwh": 20343.6,
  "pv_spill_kwh": 0.0,
  "peak_grid_kw": 18320.176799999997,
  "peak_slack_max_kw": 0.0,
  "peak_slack_kwh": 0.0,
  "peak_cap_success_flag": true,
  "soc_initial": 0.5,
  "soc_target": 0.5,
  "soc_final": 0.5,
  "terminal_soc_abs_error": 0.0,
  "soc_delta": 0.0,
  "soc_min": 0.45826485917743764,
  "soc_max": 0.85,
  "soc_violation_count": 0,
  "TES_charge_kwh_th": 15490.313731570384,
  "TES_discharge_kwh_th": 14947.332820047814,
  "TES_discharge_during_cp_kwh_th": 226.27052031690823,
  "TES_charge_during_valley_kwh_th": 9711.983527045828,
  "grid_reduction_during_cp_kwh": 31.05562891349565,
  "cp_hours": 3.0,
  "TES_charge_weighted_avg_price": 0.05864668618414707,
  "TES_discharge_weighted_avg_price": 0.1469891560702336,
  "TES_arbitrage_spread": 0.08834246988608654,
  "solver_time_avg_s": 0.008961400017142296,
  "solver_time_p95_s": 0.008961400017142296,
  "solver_status": "optimal_relaxed_modes",
  "mode_integrality": "relaxed",
  "strict_success": false,
  "fallback_reason": "",
  "mode_fractionality_max": 0.48309945355191386,
  "mode_fractionality_mean": 0.22840293309294968,
  "mode_fractionality_count": 74,
  "mode_fractionality_hours": 18.5,
  "solver_message": "Optimization terminated successfully. (HiGHS Status 7: Optimal)",
  "max_signed_du": 0.25000000000000017,
  "signed_valve_violation_count": 0,
  "grid_balance_violation_count": 0,
  "plant_tracking_error_abs_max_kw_th": 0.0
}