{
  "scenario_id": "robust_dr_day_ahead_10_h24_mpc_tes",
  "controller_type": "mpc",
  "closed_loop_steps": 2880,
  "dt_hours": 0.25,
  "total_cost": 1300709.5687642097,
  "energy_cost": 1300709.5687642097,
  "demand_charge_cost": 0.0,
  "cold_station_proxy_total_cost": 99040.50289717567,
  "cold_station_proxy_energy_cost": 99040.50289717567,
  "cold_station_proxy_grid_import_kwh": 1449542.1200752808,
  "cold_station_proxy_pv_spill_kwh": 125584.3735621736,
  "grid_import_kwh": 14283957.746513108,
  "peak_grid_kw": 21090.000000000204,
  "peak_slack_max_kw": 900.0,
  "peak_slack_step_count": 8,
  "pv_actual_kwh": 386724.95999999996,
  "pv_used_kwh": 386724.95999999996,
  "pv_spill_kwh": 0.0,
  "pv_spill_reduction_vs_no_tes": null,
  "tes_charge_during_pv_surplus_kwh_th": 0.0,
  "soc_headroom_before_pv_hours": 0.0,
  "pv_self_consumption_ratio": 1.0,
  "pv_load_coverage_ratio": 0.22606469249242794,
  "it_energy_kwh": 12960000.0,
  "facility_energy_kwh": 14670682.706513107,
  "cold_station_energy_kwh": 1710682.7065131073,
  "pue_avg": 1.1319971224161347,
  "pue_p95": 1.1716666666666666,
  "temp_violation_count": 0,
  "temp_violation_degree_hours": 8.881784197001252e-16,
  "max_temp_c": 27.0,
  "soc_min": 0.14999999999999994,
  "soc_max": 0.8568289869063233,
  "soc_violation_count": 0,
  "initial_soc": 0.5,
  "final_soc_after_last_update": 0.2558081930985775,
  "soc_delta": -0.2441918069014225,
  "soc_inventory_delta_kwh_th": -4395.452524225605,
  "tes_charge_kwh_th": 402691.06912697933,
  "tes_discharge_kwh_th": 335893.11318409594,
  "tes_equivalent_cycles": 18.660728510227553,
  "tes_charge_weighted_avg_price": 37.383980295204864,
  "tes_discharge_weighted_avg_price": 184.98025232385928,
  "tes_arbitrage_price_spread": 147.59627202865443,
  "charge_steps": 913,
  "discharge_steps": 632,
  "idle_steps": 1335,
  "charge_discharge_switch_count": 62,
  "first_discharge_step": 70,
  "first_discharge_timestamp": "2025-07-01 17:30:00",
  "avg_chiller_plr": 0.9751346365025898,
  "avg_mode_specific_plr": 0.9751346365025898,
  "weighted_avg_chiller_cop": 7.101106293984701,
  "time_in_high_plr_region": 566.25,
  "low_plr_hours": 0.0,
  "high_plr_hours": 566.25,
  "time_in_each_mode": {
    "-1": 153.75,
    "2": 566.25
  },
  "mode_switch_count": 121,
  "max_signed_du": 0.2572519697476075,
  "signed_valve_violation_count": 1,
  "physical_consistency_violation_count": 0,
  "max_chiller_supply_deficit_kw_th": 0.0,
  "max_signed_valve_du": 0.2572519697476075,
  "tes_discharge_during_peak_cap_violation_kwh_th": 6225.40188232213,
  "dr_event_count": 1,
  "dr_requested_reduction_kwh": 3800.0,
  "dr_served_reduction_kwh": 2060.779999999999,
  "dr_response_rate_avg": 0.5423105263157891,
  "dr_revenue_cny": 6182.3399999999965,
  "solve_time_avg_s": 0.15186963888875452,
  "solve_time_p95_s": 0.20023256500571726,
  "optimal_rate": 0.9996527777777777,
  "feasible_rate": 1.0,
  "fallback_count": 1,
  "has_nan": false
}