{
  "scenario_id": "tou_screen_g0p5_cp0p2_hot_mpc_tes",
  "controller_type": "mpc",
  "closed_loop_steps": 2880,
  "dt_hours": 0.25,
  "total_cost": 1302257.407205718,
  "energy_cost": 1302257.407205718,
  "demand_charge_cost": 0.0,
  "cold_station_proxy_total_cost": 113372.87440829352,
  "cold_station_proxy_energy_cost": 113372.87440829352,
  "cold_station_proxy_grid_import_kwh": 1447520.4981802653,
  "cold_station_proxy_pv_spill_kwh": 124812.06,
  "grid_import_kwh": 14282708.438180266,
  "peak_grid_kw": 21090.0,
  "peak_slack_max_kw": 0.0,
  "peak_slack_step_count": 0,
  "pv_actual_kwh": 386724.95999999996,
  "pv_used_kwh": 386724.95999999996,
  "pv_spill_kwh": 0.0,
  "pv_spill_reduction_vs_no_tes": null,
  "tes_charge_during_pv_surplus_kwh_th": 0.0,
  "soc_headroom_before_pv_hours": 0.0,
  "pv_self_consumption_ratio": 1.0,
  "pv_load_coverage_ratio": 0.2262299077645718,
  "it_energy_kwh": 12960000.0,
  "facility_energy_kwh": 14669433.398180265,
  "cold_station_energy_kwh": 1709433.3981802652,
  "pue_avg": 1.1319007251682303,
  "pue_p95": 1.1716666666666666,
  "temp_violation_count": 0,
  "temp_violation_degree_hours": 5.409006575973763e-13,
  "max_temp_c": 27.00000000000002,
  "soc_min": 0.15,
  "soc_max": 0.5213809637119869,
  "soc_violation_count": 0,
  "initial_soc": 0.5,
  "final_soc_after_last_update": 0.15587499999999999,
  "soc_delta": -0.344125,
  "soc_inventory_delta_kwh_th": -6194.25,
  "tes_charge_kwh_th": 88160.9621642255,
  "tes_discharge_kwh_th": 75561.79948663339,
  "tes_equivalent_cycles": 4.197877749257411,
  "tes_charge_weighted_avg_price": 54.447312535667535,
  "tes_discharge_weighted_avg_price": 154.30926531833236,
  "tes_arbitrage_price_spread": 99.86195278266483,
  "charge_steps": 766,
  "discharge_steps": 275,
  "idle_steps": 1839,
  "charge_discharge_switch_count": 60,
  "first_discharge_step": 75,
  "first_discharge_timestamp": "2025-07-01 18:45:00",
  "avg_chiller_plr": 0.9748197511334097,
  "avg_mode_specific_plr": 0.9748197511334097,
  "weighted_avg_chiller_cop": 7.100864856176852,
  "time_in_high_plr_region": 565.75,
  "low_plr_hours": 0.0,
  "high_plr_hours": 565.75,
  "time_in_each_mode": {
    "-1": 154.0,
    "2": 566.0
  },
  "mode_switch_count": 123,
  "max_signed_du": 0.10000000000010467,
  "signed_valve_violation_count": 0,
  "physical_consistency_violation_count": 0,
  "max_chiller_supply_deficit_kw_th": 3.637978807091713e-12,
  "max_signed_valve_du": 0.10000000000010467,
  "tes_discharge_during_peak_cap_violation_kwh_th": 0.0,
  "dr_event_count": 0,
  "dr_requested_reduction_kwh": 0.0,
  "dr_served_reduction_kwh": 0.0,
  "dr_response_rate_avg": 0.0,
  "dr_revenue_cny": 0.0,
  "solve_time_avg_s": 0.10278569138892332,
  "solve_time_p95_s": 0.35837653499984296,
  "optimal_rate": 1.0,
  "feasible_rate": 1.0,
  "fallback_count": 0,
  "has_nan": false
}