{
  "case_id": "strict_cap_0p99_paper_like_mpc_tes",
  "controller": "paper_like_mpc_tes",
  "steps": 96,
  "cost_total": 38869.336164769076,
  "whole_facility_energy_cost": 38869.336164769076,
  "plant_energy_cost": 635.1784207690768,
  "grid_import_kwh": 419781.7347404287,
  "plant_energy_kwh": 8125.334740428596,
  "pv_used_kwh": 20343.6,
  "pv_spill_kwh": 0.0,
  "peak_grid_kw": 18306.64470547458,
  "peak_slack_max_kw": 106.55123347458533,
  "peak_slack_kwh": 119.15067101821268,
  "soc_initial": 0.5,
  "soc_target": 0.5,
  "soc_final": 0.3989050300978945,
  "terminal_soc_abs_error": 0.10109496990210548,
  "soc_delta": -0.10109496990210548,
  "soc_min": 0.15,
  "soc_max": 0.85,
  "soc_violation_count": 0,
  "TES_charge_kwh_th": 22320.828567171422,
  "TES_discharge_kwh_th": 23781.18777011907,
  "TES_charge_weighted_avg_price": 0.06804236534605675,
  "TES_discharge_weighted_avg_price": 0.10777843050515631,
  "TES_arbitrage_spread": 0.03973606515909957,
  "solver_time_avg_s": 0.029421199986245483,
  "solver_time_p95_s": 0.029421199986245483,
  "solver_status": "optimal",
  "mode_integrality": "strict",
  "strict_success": true,
  "fallback_reason": "",
  "mode_fractionality_max": 0.0,
  "solver_message": "Optimization terminated successfully. (HiGHS Status 7: Optimal)",
  "max_signed_du": 1.5071529003975634,
  "signed_valve_violation_count": 12,
  "grid_balance_violation_count": 0,
  "plant_tracking_error_abs_max_kw_th": 0.0
}