{
  "case_id": "relaxed_cap_0p95_paper_like_mpc_tes_relaxed",
  "controller": "paper_like_mpc_tes_relaxed",
  "steps": 96,
  "cost_total": 38723.26333349026,
  "energy_cost": 38723.26333349026,
  "whole_facility_energy_cost": 38723.26333349026,
  "plant_energy_cost": 489.105589490257,
  "peak_slack_penalty_cost": 946850226.1980096,
  "objective_cost": 946916949.4613435,
  "grid_import_kwh": 417948.46220243897,
  "plant_energy_kwh": 6292.062202438992,
  "pv_used_kwh": 20343.6,
  "pv_spill_kwh": 0.0,
  "peak_grid_kw": 18316.016952501017,
  "peak_slack_max_kw": 911.8489925010217,
  "peak_slack_kwh": 9468.502261980097,
  "peak_cap_success_flag": false,
  "soc_initial": 0.5,
  "soc_target": 0.5,
  "soc_final": 0.15,
  "terminal_soc_abs_error": 0.35,
  "soc_delta": -0.35,
  "soc_min": 0.15,
  "soc_max": 0.85,
  "soc_violation_count": 0,
  "TES_charge_kwh_th": 12738.493279745759,
  "TES_discharge_kwh_th": 18734.6885260919,
  "TES_discharge_during_cp_kwh_th": 520.288440782474,
  "TES_charge_during_valley_kwh_th": 4525.649999999996,
  "grid_reduction_during_cp_kwh": 71.40958849739457,
  "cp_hours": 3.0,
  "TES_charge_weighted_avg_price": 0.069735607600534,
  "TES_discharge_weighted_avg_price": 0.11757647077664186,
  "TES_arbitrage_spread": 0.04784086317610786,
  "solver_time_avg_s": 0.007733900041785091,
  "solver_time_p95_s": 0.007733900041785091,
  "solver_status": "optimal_relaxed_modes",
  "mode_integrality": "relaxed",
  "strict_success": false,
  "fallback_reason": "",
  "mode_fractionality_max": 0.49622776541776986,
  "mode_fractionality_mean": 0.1842018134352764,
  "mode_fractionality_count": 67,
  "mode_fractionality_hours": 16.75,
  "solver_message": "Optimization terminated successfully. (HiGHS Status 7: Optimal)",
  "max_signed_du": 0.25000000000000017,
  "signed_valve_violation_count": 0,
  "grid_balance_violation_count": 0,
  "plant_tracking_error_abs_max_kw_th": 0.0
}