{
  "scenario_id": "robust_base_cp20_h24_mpc_tes",
  "controller_type": "mpc",
  "closed_loop_steps": 2880,
  "dt_hours": 0.25,
  "total_cost": 1300663.0801031454,
  "energy_cost": 1300663.0801031454,
  "demand_charge_cost": 0.0,
  "cold_station_proxy_total_cost": 98983.98553611153,
  "cold_station_proxy_energy_cost": 98983.98553611153,
  "cold_station_proxy_grid_import_kwh": 1449609.6192325167,
  "cold_station_proxy_pv_spill_kwh": 125523.5935621736,
  "grid_import_kwh": 14284086.025670344,
  "peak_grid_kw": 21090.000000000204,
  "peak_slack_max_kw": 0.0,
  "peak_slack_step_count": 0,
  "pv_actual_kwh": 386724.95999999996,
  "pv_used_kwh": 386724.95999999996,
  "pv_spill_kwh": 0.0,
  "pv_spill_reduction_vs_no_tes": null,
  "tes_charge_during_pv_surplus_kwh_th": 0.0,
  "soc_headroom_before_pv_hours": 0.0,
  "pv_self_consumption_ratio": 1.0,
  "pv_load_coverage_ratio": 0.2260477418248927,
  "it_energy_kwh": 12960000.0,
  "facility_energy_kwh": 14670810.985670343,
  "cold_station_energy_kwh": 1710810.9856703433,
  "pue_avg": 1.132007020499255,
  "pue_p95": 1.1716666666666666,
  "temp_violation_count": 0,
  "temp_violation_degree_hours": 8.881784197001252e-16,
  "max_temp_c": 27.0,
  "soc_min": 0.14999999999999994,
  "soc_max": 0.85,
  "soc_violation_count": 0,
  "initial_soc": 0.5,
  "final_soc_after_last_update": 0.2558081930985775,
  "soc_delta": -0.2441918069014225,
  "soc_inventory_delta_kwh_th": -4395.452524225605,
  "tes_charge_kwh_th": 402511.81441175286,
  "tes_discharge_kwh_th": 335729.65515801834,
  "tes_equivalent_cycles": 18.651647508778797,
  "tes_charge_weighted_avg_price": 37.239238459793256,
  "tes_discharge_weighted_avg_price": 185.17415109273526,
  "tes_arbitrage_price_spread": 147.934912632942,
  "charge_steps": 907,
  "discharge_steps": 628,
  "idle_steps": 1345,
  "charge_discharge_switch_count": 60,
  "first_discharge_step": 70,
  "first_discharge_timestamp": "2025-07-01 17:30:00",
  "avg_chiller_plr": 0.9747353663162601,
  "avg_mode_specific_plr": 0.9747353663162601,
  "weighted_avg_chiller_cop": 7.100800130553041,
  "time_in_high_plr_region": 566.5,
  "low_plr_hours": 0.0,
  "high_plr_hours": 566.5,
  "time_in_each_mode": {
    "-1": 153.5,
    "2": 566.5
  },
  "mode_switch_count": 121,
  "max_signed_du": 0.10000000000012821,
  "signed_valve_violation_count": 0,
  "physical_consistency_violation_count": 0,
  "max_chiller_supply_deficit_kw_th": 0.0,
  "max_signed_valve_du": 0.10000000000012821,
  "tes_discharge_during_peak_cap_violation_kwh_th": 0.0,
  "dr_event_count": 0,
  "dr_requested_reduction_kwh": 0.0,
  "dr_served_reduction_kwh": 0.0,
  "dr_response_rate_avg": 0.0,
  "dr_revenue_cny": 0.0,
  "solve_time_avg_s": 0.15809763722220144,
  "solve_time_p95_s": 0.20139632000937127,
  "optimal_rate": 1.0,
  "feasible_rate": 1.0,
  "fallback_count": 0,
  "has_nan": false
}