{
  "scenario_id": "pv_priority_pv_scale-3_w_spill-0p2",
  "controller_type": "mpc",
  "closed_loop_steps": 96,
  "dt_hours": 0.25,
  "total_cost": 1802.4819043406458,
  "energy_cost": 1802.4819043406458,
  "demand_charge_cost": 0.0,
  "grid_import_kwh": 32065.697117216037,
  "peak_grid_kw": 3090.0000000000014,
  "peak_slack_max_kw": 0.0,
  "peak_slack_step_count": 0,
  "pv_actual_kwh": 61030.8,
  "pv_used_kwh": 31661.37110979713,
  "pv_spill_kwh": 29369.42889020287,
  "pv_spill_reduction_vs_no_tes": null,
  "tes_charge_during_pv_surplus_kwh_th": 130.2127659574196,
  "soc_headroom_before_pv_hours": 4.5,
  "pv_self_consumption_ratio": 0.5187769308250446,
  "pv_load_coverage_ratio": 0.49682767449791837,
  "it_energy_kwh": 432000.0,
  "facility_energy_kwh": 495727.06822701317,
  "cold_station_energy_kwh": 63727.068227013166,
  "pue_avg": 1.1475163616366046,
  "pue_p95": 1.1716666666666666,
  "temp_violation_count": 0,
  "temp_violation_degree_hours": 0.0,
  "max_temp_c": 26.839142126196748,
  "soc_min": 0.5,
  "soc_max": 0.8500000000000002,
  "soc_violation_count": 0,
  "initial_soc": 0.5,
  "final_soc_after_last_update": 0.8298378725917439,
  "soc_delta": 0.3298378725917439,
  "soc_inventory_delta_kwh_th": 5937.08170665139,
  "tes_charge_kwh_th": 7067.9173197892105,
  "tes_discharge_kwh_th": 0.0,
  "tes_equivalent_cycles": 0.0,
  "tes_charge_weighted_avg_price": 31.12786508211873,
  "tes_discharge_weighted_avg_price": null,
  "tes_arbitrage_price_spread": null,
  "charge_steps": 48,
  "discharge_steps": 0,
  "idle_steps": 48,
  "charge_discharge_switch_count": 0,
  "first_discharge_step": null,
  "first_discharge_timestamp": null,
  "avg_chiller_plr": 0.9853475932094682,
  "avg_mode_specific_plr": 0.9853475932094682,
  "weighted_avg_chiller_cop": 7.115048424786415,
  "time_in_high_plr_region": 21.5,
  "low_plr_hours": 0.0,
  "high_plr_hours": 21.5,
  "time_in_each_mode": {
    "-1": 2.0,
    "0": 2.0,
    "2": 20.0
  },
  "mode_switch_count": 3,
  "max_signed_du": 0.10000000000000003,
  "signed_valve_violation_count": 0,
  "physical_consistency_violation_count": 0,
  "max_chiller_supply_deficit_kw_th": 0.0,
  "max_signed_valve_du": 0.10000000000000003,
  "tes_discharge_during_peak_cap_violation_kwh_th": 0.0,
  "solve_time_avg_s": 0.8756479968763718,
  "solve_time_p95_s": 1.5157008000169299,
  "optimal_rate": 1.0,
  "feasible_rate": 1.0,
  "fallback_count": 0,
  "has_nan": false
}