{
  "seed": "05",
  "checkpoint": "C:\\Users\\18430\\Desktop\\\u6bd5\u4e1a\u8bbe\u8ba1\u4ee3\u7801\\AI-Data-Center-Analysis_migration_bundle_20260311\\runs\\train\\run-140\\checkpoints\\e03_nanjing_seed05_262770_steps.zip",
  "trace": "Earth",
  "steps": 8760,
  "total_reward": -7381.605976495294,
  "total_facility_MWh": 83761.08384027777,
  "total_ite_MWh": 65437.03065447222,
  "pue": 1.280025743872185,
  "comfort_violation_pct": 3.150325305330442,
  "mean_temperature_C": 19.03380979505764,
  "max_temperature_C": 40.558334,
  "p95_temperature_C": 24.16392,
  "monitor_csv": "C:\\Users\\18430\\Desktop\\\u6bd5\u4e1a\u8bbe\u8ba1\u4ee3\u7801\\AI-Data-Center-Analysis_migration_bundle_20260311\\runs\\eval\\run-027\\episode-001\\monitor.csv",
  "elapsed_seconds": 11.18722649999836
}