{
  "seed": "11",
  "checkpoint": "C:\\Users\\18430\\Desktop\\\u6bd5\u4e1a\u8bbe\u8ba1\u4ee3\u7801\\AI-Data-Center-Analysis_migration_bundle_20260311\\runs\\train\\run-138\\checkpoints\\e03_nanjing_seed11_262770_steps.zip",
  "trace": "Earth",
  "steps": 8760,
  "total_reward": -6175.83789318353,
  "total_facility_MWh": 86694.11935991667,
  "total_ite_MWh": 65893.41218725,
  "pue": 1.315672029755525,
  "comfort_violation_pct": 13.092112772514552,
  "mean_temperature_C": 23.50823714199292,
  "max_temperature_C": 40.558334,
  "p95_temperature_C": 25.434628,
  "monitor_csv": "C:\\Users\\18430\\Desktop\\\u6bd5\u4e1a\u8bbe\u8ba1\u4ee3\u7801\\AI-Data-Center-Analysis_migration_bundle_20260311\\runs\\eval\\run-032\\episode-001\\monitor.csv",
  "elapsed_seconds": 12.105977899998834
}