{
  "seed": "01",
  "checkpoint": "C:\\Users\\18430\\Desktop\\\u6bd5\u4e1a\u8bbe\u8ba1\u4ee3\u7801\\AI-Data-Center-Analysis_migration_bundle_20260311\\runs\\train\\run-145\\checkpoints\\e03_nanjing_seed01_262770_steps.zip",
  "trace": "Earth",
  "steps": 8760,
  "total_reward": -10136.278756113745,
  "total_facility_MWh": 85771.1123776111,
  "total_ite_MWh": 65964.18794305556,
  "pue": 1.300267843085617,
  "comfort_violation_pct": 81.0866339458966,
  "mean_temperature_C": 25.735801125898874,
  "max_temperature_C": 40.558334,
  "p95_temperature_C": 28.081036,
  "monitor_csv": "C:\\Users\\18430\\Desktop\\\u6bd5\u4e1a\u8bbe\u8ba1\u4ee3\u7801\\AI-Data-Center-Analysis_migration_bundle_20260311\\runs\\eval\\run-023\\episode-001\\monitor.csv",
  "elapsed_seconds": 9.834510900000168
}