{
  "seed": "04",
  "checkpoint": "C:\\Users\\18430\\Desktop\\\u6bd5\u4e1a\u8bbe\u8ba1\u4ee3\u7801\\AI-Data-Center-Analysis_migration_bundle_20260311\\runs\\train\\run-139\\checkpoints\\e03_nanjing_seed04_262770_steps.zip",
  "trace": "Earth",
  "steps": 8760,
  "total_reward": -6722.8716201596735,
  "total_facility_MWh": 87060.89175838888,
  "total_ite_MWh": 65446.76537477778,
  "pue": 1.3302550746372086,
  "comfort_violation_pct": 0.022828444241524942,
  "mean_temperature_C": 19.3385468407716,
  "max_temperature_C": 40.558334,
  "p95_temperature_C": 22.12351,
  "monitor_csv": "C:\\Users\\18430\\Desktop\\\u6bd5\u4e1a\u8bbe\u8ba1\u4ee3\u7801\\AI-Data-Center-Analysis_migration_bundle_20260311\\runs\\eval\\run-026\\episode-001\\monitor.csv",
  "elapsed_seconds": 12.649500599996827
}