{
  "seed": "07",
  "checkpoint": "C:\\Users\\18430\\Desktop\\\u6bd5\u4e1a\u8bbe\u8ba1\u4ee3\u7801\\AI-Data-Center-Analysis_migration_bundle_20260311\\runs\\train\\run-147\\checkpoints\\e03_nanjing_seed07_262770_steps.zip",
  "trace": "Earth",
  "steps": 8760,
  "total_reward": -5696.684832466844,
  "total_facility_MWh": 84856.28952125,
  "total_ite_MWh": 65658.37790363889,
  "pue": 1.2923908910114446,
  "comfort_violation_pct": 0.09131377696609977,
  "mean_temperature_C": 21.935482905604385,
  "max_temperature_C": 40.558334,
  "p95_temperature_C": 23.416662,
  "monitor_csv": "C:\\Users\\18430\\Desktop\\\u6bd5\u4e1a\u8bbe\u8ba1\u4ee3\u7801\\AI-Data-Center-Analysis_migration_bundle_20260311\\runs\\eval\\run-022\\episode-001\\monitor.csv",
  "elapsed_seconds": 10.781281700001273
}