{
  "experiment": "E0-Nanjing-baseline",
  "weather": "CHN_JS_Nanjing.582380_TMYx.2009-2023.epw",
  "trace": "Earth_hourly",
  "num_seeds": 4,
  "best_checkpoints": {
    "rewards": {
      "seed01": -5877.5604619091255,
      "seed02": -5693.757328346746,
      "seed03": -6117.243123159052,
      "seed04": -6521.307340119765
    },
    "median_reward": -5997.401792534089,
    "mean_reward": -6052.467063383672,
    "std_reward": 309.5448821494378,
    "best_seed": "seed02",
    "median_seed": "seed01",
    "comfort_violations": {
      "seed01": 6.598173515981736,
      "seed02": 1.1187214611872145,
      "seed03": 13.607305936073057,
      "seed04": 9.269406392694064
    }
  },
  "latest_checkpoints": {
    "rewards": {
      "seed01": -5964.933160159547,
      "seed02": -5819.970954714329,
      "seed03": -5716.244754789805,
      "seed04": -6421.685429070369
    },
    "median_reward": -5892.452057436938,
    "mean_reward": -5980.708574683513
  },
  "all_results": [
    {
      "label": "seed01-best-ep33",
      "model_path": "C:\\Users\\18430\\Desktop\\毕业设计代码\\AI-Data-Center-Analysis_migration_bundle_20260311\\runs\\train\\run-042\\checkpoints\\e0_nanjing_seed01_262770_steps.zip",
      "weather": "CHN_JS_Nanjing.582380_TMYx.2009-2023.epw",
      "steps": 8760,
      "total_reward": -5877.5604619091255,
      "mean_reward": -0.6709543906288956,
      "total_energy_term": -5707.6922407361135,
      "total_comfort_term": -169.86822117301142,
      "comfort_violation_pct": 6.598173515981736,
      "temp_mean": 0.00022420171335369202,
      "temp_max": 2.0473516147507738,
      "temp_min": -2.4858545420377336,
      "elapsed_seconds": 14.984467700000096,
      "workspace_path": "C:\\Users\\18430\\Desktop\\毕业设计代码\\AI-Data-Center-Analysis_migration_bundle_20260311\\runs\\eval\\run-013",
      "seed": "seed01",
      "checkpoint_type": "best",
      "checkpoint_episode": 33
    },
    {
      "label": "seed01-latest-ep120",
      "model_path": "C:\\Users\\18430\\Desktop\\毕业设计代码\\AI-Data-Center-Analysis_migration_bundle_20260311\\runs\\train\\run-042\\checkpoints\\e0_nanjing_seed01_1051080_steps.zip",
      "weather": "CHN_JS_Nanjing.582380_TMYx.2009-2023.epw",
      "steps": 8760,
      "total_reward": -5964.933160159547,
      "mean_reward": -0.6809284429405875,
      "total_energy_term": -5768.360670362925,
      "total_comfort_term": -196.5724897966215,
      "comfort_violation_pct": 4.600456621004566,
      "temp_mean": 0.00022420171335369202,
      "temp_max": 2.0473516147507738,
      "temp_min": -2.4858545420377336,
      "elapsed_seconds": 17.385638399995514,
      "workspace_path": "C:\\Users\\18430\\Desktop\\毕业设计代码\\AI-Data-Center-Analysis_migration_bundle_20260311\\runs\\eval\\run-014",
      "seed": "seed01",
      "checkpoint_type": "latest",
      "checkpoint_episode": 120
    },
    {
      "label": "seed02-best-ep85",
      "model_path": "C:\\Users\\18430\\Desktop\\毕业设计代码\\AI-Data-Center-Analysis_migration_bundle_20260311\\runs\\train\\run-044\\checkpoints\\e0_nanjing_seed02_788310_steps.zip",
      "weather": "CHN_JS_Nanjing.582380_TMYx.2009-2023.epw",
      "steps": 8760,
      "total_reward": -5693.757328346746,
      "mean_reward": -0.6499722977564779,
      "total_energy_term": -5632.377897724129,
      "total_comfort_term": -61.379430622617086,
      "comfort_violation_pct": 1.1187214611872145,
      "temp_mean": 0.00022420171335369202,
      "temp_max": 2.0473516147507738,
      "temp_min": -2.4858545420377336,
      "elapsed_seconds": 12.861251199996332,
      "workspace_path": "C:\\Users\\18430\\Desktop\\毕业设计代码\\AI-Data-Center-Analysis_migration_bundle_20260311\\runs\\eval\\run-015",
      "seed": "seed02",
      "checkpoint_type": "best",
      "checkpoint_episode": 85
    },
    {
      "label": "seed02-latest-ep120",
      "model_path": "C:\\Users\\18430\\Desktop\\毕业设计代码\\AI-Data-Center-Analysis_migration_bundle_20260311\\runs\\train\\run-044\\checkpoints\\e0_nanjing_seed02_1051080_steps.zip",
      "weather": "CHN_JS_Nanjing.582380_TMYx.2009-2023.epw",
      "steps": 8760,
      "total_reward": -5819.970954714329,
      "mean_reward": -0.6643802459719554,
      "total_energy_term": -5790.6582040354315,
      "total_comfort_term": -29.312750678896485,
      "comfort_violation_pct": 0.31963470319634707,
      "temp_mean": 0.00022420171335369202,
      "temp_max": 2.0473516147507738,
      "temp_min": -2.4858545420377336,
      "elapsed_seconds": 15.706842999999935,
      "workspace_path": "C:\\Users\\18430\\Desktop\\毕业设计代码\\AI-Data-Center-Analysis_migration_bundle_20260311\\runs\\eval\\run-016",
      "seed": "seed02",
      "checkpoint_type": "latest",
      "checkpoint_episode": 120
    },
    {
      "label": "seed03-best-ep48",
      "model_path": "C:\\Users\\18430\\Desktop\\毕业设计代码\\AI-Data-Center-Analysis_migration_bundle_20260311\\runs\\train\\run-045\\checkpoints\\e0_nanjing_seed03_437950_steps.zip",
      "weather": "CHN_JS_Nanjing.582380_TMYx.2009-2023.epw",
      "steps": 8760,
      "total_reward": -6117.243123159052,
      "mean_reward": -0.6983154250181566,
      "total_energy_term": -5697.624500789351,
      "total_comfort_term": -419.6186223697015,
      "comfort_violation_pct": 13.607305936073057,
      "temp_mean": 0.00022420171335369202,
      "temp_max": 2.0473516147507738,
      "temp_min": -2.4858545420377336,
      "elapsed_seconds": 12.974472400004743,
      "workspace_path": "C:\\Users\\18430\\Desktop\\毕业设计代码\\AI-Data-Center-Analysis_migration_bundle_20260311\\runs\\eval\\run-017",
      "seed": "seed03",
      "checkpoint_type": "best",
      "checkpoint_episode": 48
    },
    {
      "label": "seed03-latest-ep120",
      "model_path": "C:\\Users\\18430\\Desktop\\毕业设计代码\\AI-Data-Center-Analysis_migration_bundle_20260311\\runs\\train\\run-045\\checkpoints\\e0_nanjing_seed03_1051080_steps.zip",
      "weather": "CHN_JS_Nanjing.582380_TMYx.2009-2023.epw",
      "steps": 8760,
      "total_reward": -5716.244754789805,
      "mean_reward": -0.6525393555696124,
      "total_energy_term": -5693.345903018984,
      "total_comfort_term": -22.898851770820627,
      "comfort_violation_pct": 0.2625570776255708,
      "temp_mean": 0.00022420171335369202,
      "temp_max": 2.0473516147507738,
      "temp_min": -2.4858545420377336,
      "elapsed_seconds": 12.385192399997322,
      "workspace_path": "C:\\Users\\18430\\Desktop\\毕业设计代码\\AI-Data-Center-Analysis_migration_bundle_20260311\\runs\\eval\\run-018",
      "seed": "seed03",
      "checkpoint_type": "latest",
      "checkpoint_episode": 120
    },
    {
      "label": "seed04-best-ep77",
      "model_path": "C:\\Users\\18430\\Desktop\\毕业设计代码\\AI-Data-Center-Analysis_migration_bundle_20260311\\runs\\train\\run-043\\checkpoints\\e0_nanjing_seed04_700720_steps.zip",
      "weather": "CHN_JS_Nanjing.582380_TMYx.2009-2023.epw",
      "steps": 8760,
      "total_reward": -6521.307340119765,
      "mean_reward": -0.7444414771826217,
      "total_energy_term": -5763.844122822883,
      "total_comfort_term": -757.463217296882,
      "comfort_violation_pct": 9.269406392694064,
      "temp_mean": 0.00022420171335369202,
      "temp_max": 2.0473516147507738,
      "temp_min": -2.4858545420377336,
      "elapsed_seconds": 15.651255800003128,
      "workspace_path": "C:\\Users\\18430\\Desktop\\毕业设计代码\\AI-Data-Center-Analysis_migration_bundle_20260311\\runs\\eval\\run-019",
      "seed": "seed04",
      "checkpoint_type": "best",
      "checkpoint_episode": 77
    },
    {
      "label": "seed04-latest-ep120",
      "model_path": "C:\\Users\\18430\\Desktop\\毕业设计代码\\AI-Data-Center-Analysis_migration_bundle_20260311\\runs\\train\\run-043\\checkpoints\\e0_nanjing_seed04_1051080_steps.zip",
      "weather": "CHN_JS_Nanjing.582380_TMYx.2009-2023.epw",
      "steps": 8760,
      "total_reward": -6421.685429070369,
      "mean_reward": -0.7330691129075764,
      "total_energy_term": -5763.465633607934,
      "total_comfort_term": -658.2197954624353,