{
  "scenario_id": "tou_screen_g0p5_cp0_hot_mpc_tes",
  "controller_type": "mpc",
  "closed_loop_steps": 2880,
  "dt_hours": 0.25,
  "total_cost": 1280532.5933626792,
  "energy_cost": 1280532.5933626792,
  "demand_charge_cost": 0.0,
  "cold_station_proxy_total_cost": 111616.61516267927,
  "cold_station_proxy_energy_cost": 111616.61516267927,
  "cold_station_proxy_grid_import_kwh": 1446043.9234429002,
  "cold_station_proxy_pv_spill_kwh": 124918.08,
  "grid_import_kwh": 14281125.8434429,
  "peak_grid_kw": 21090.0,
  "peak_slack_max_kw": 0.0,
  "peak_slack_step_count": 0,
  "pv_actual_kwh": 386724.95999999996,
  "pv_used_kwh": 386724.95999999996,
  "pv_spill_kwh": 0.0,
  "pv_spill_reduction_vs_no_tes": null,
  "tes_charge_during_pv_surplus_kwh_th": 0.0,
  "soc_headroom_before_pv_hours": 0.0,
  "pv_self_consumption_ratio": 1.0,
  "pv_load_coverage_ratio": 0.22643954566780142,
  "it_energy_kwh": 12960000.0,
  "facility_energy_kwh": 14667850.803442901,
  "cold_station_energy_kwh": 1707850.8034429003,
  "pue_avg": 1.1317786113767672,
  "pue_p95": 1.1716666666666666,
  "temp_violation_count": 0,
  "temp_violation_degree_hours": 0.0,
  "max_temp_c": 27.0,
  "soc_min": 0.14999999999999997,
  "soc_max": 0.5,
  "soc_violation_count": 0,
  "initial_soc": 0.5,
  "final_soc_after_last_update": 0.15587499999999999,
  "soc_delta": -0.344125,
  "soc_inventory_delta_kwh_th": -6194.25,
  "tes_charge_kwh_th": 82476.38297872158,
  "tes_discharge_kwh_th": 70796.45748500082,
  "tes_equivalent_cycles": 3.93313652694449,
  "tes_charge_weighted_avg_price": 54.54149615337225,
  "tes_discharge_weighted_avg_price": 154.34600936705073,
  "tes_arbitrage_price_spread": 99.80451321367848,
  "charge_steps": 674,
  "discharge_steps": 274,
  "idle_steps": 1932,
  "charge_discharge_switch_count": 59,
  "first_discharge_step": 75,
  "first_discharge_timestamp": "2025-07-01 18:45:00",
  "avg_chiller_plr": 0.9738110556874273,
  "avg_mode_specific_plr": 0.9738110556874273,
  "weighted_avg_chiller_cop": 7.100090500279615,
  "time_in_high_plr_region": 566.0,
  "low_plr_hours": 0.0,
  "high_plr_hours": 566.0,
  "time_in_each_mode": {
    "-1": 154.0,
    "2": 566.0
  },
  "mode_switch_count": 123,
  "max_signed_du": 0.10000000000021464,
  "signed_valve_violation_count": 0,
  "physical_consistency_violation_count": 0,
  "max_chiller_supply_deficit_kw_th": 0.0,
  "max_signed_valve_du": 0.10000000000021464,
  "tes_discharge_during_peak_cap_violation_kwh_th": 0.0,
  "dr_event_count": 0,
  "dr_requested_reduction_kwh": 0.0,
  "dr_served_reduction_kwh": 0.0,
  "dr_response_rate_avg": 0.0,
  "dr_revenue_cny": 0.0,
  "solve_time_avg_s": 0.10220393312506025,
  "solve_time_p95_s": 0.38555162499615103,
  "optimal_rate": 1.0,
  "feasible_rate": 1.0,
  "fallback_count": 0,
  "has_nan": false
}