{
  "scenario_id": "peak_cap_peak_cap_kw-3000",
  "controller_type": "mpc",
  "closed_loop_steps": 96,
  "dt_hours": 0.25,
  "total_cost": 2896.4358522376847,
  "energy_cost": 2896.4358522376847,
  "demand_charge_cost": 0.0,
  "grid_import_kwh": 42508.286862046574,
  "peak_grid_kw": 3000.0000000000005,
  "peak_slack_max_kw": 4.547473508864641e-13,
  "peak_slack_step_count": 0,
  "pv_actual_kwh": 20343.6,
  "pv_used_kwh": 19816.0,
  "pv_spill_kwh": 527.6000000000001,
  "pv_spill_reduction_vs_no_tes": null,
  "tes_charge_during_pv_surplus_kwh_th": 48.829787234031905,
  "soc_headroom_before_pv_hours": 0.25,
  "pv_self_consumption_ratio": 0.9740655537859573,
  "pv_load_coverage_ratio": 0.31794988755927966,
  "it_energy_kwh": 432000.0,
  "facility_energy_kwh": 494324.2868620466,
  "cold_station_energy_kwh": 62324.286862046574,
  "pue_avg": 1.1442691825510338,
  "pue_p95": 1.1716666666666666,
  "temp_violation_count": 0,
  "temp_violation_degree_hours": 0.0,
  "max_temp_c": 26.932007245329146,
  "soc_min": 0.5,
  "soc_max": 0.8500000000000001,
  "soc_violation_count": 0,
  "initial_soc": 0.5,
  "final_soc_after_last_update": 0.8306683332579182,
  "soc_delta": 0.3306683332579182,
  "soc_inventory_delta_kwh_th": 5952.029998642528,
  "tes_charge_kwh_th": 7084.193915533886,
  "tes_discharge_kwh_th": 0.0,
  "tes_equivalent_cycles": 0.0,
  "tes_charge_weighted_avg_price": 31.12297611378245,
  "tes_discharge_weighted_avg_price": null,
  "tes_arbitrage_price_spread": null,
  "charge_steps": 50,
  "discharge_steps": 0,
  "idle_steps": 46,
  "charge_discharge_switch_count": 0,
  "first_discharge_step": null,
  "first_discharge_timestamp": null,
  "avg_chiller_plr": 0.963618110685537,
  "avg_mode_specific_plr": 0.963618110685537,
  "weighted_avg_chiller_cop": 7.090192087555121,
  "time_in_high_plr_region": 21.75,
  "low_plr_hours": 0.0,
  "high_plr_hours": 21.75,
  "time_in_each_mode": {
    "-1": 2.0,
    "0": 1.75,
    "2": 20.25
  },
  "mode_switch_count": 6,
  "max_signed_du": 0.10000000000000009,
  "signed_valve_violation_count": 0,
  "physical_consistency_violation_count": 0,
  "max_chiller_supply_deficit_kw_th": 3.637978807091713e-12,
  "max_signed_valve_du": 0.10000000000000009,
  "tes_discharge_during_peak_cap_violation_kwh_th": 0.0,
  "solve_time_avg_s": 2.467214436457349,
  "solve_time_p95_s": 4.401590599998599,
  "optimal_rate": 1.0,
  "feasible_rate": 1.0,
  "fallback_count": 0,
  "has_nan": false
}