{
  "scenario_id": "tou_full_base_cp20_mild_rbc_tes",
  "controller_type": "rbc",
  "closed_loop_steps": 2880,
  "dt_hours": 0.25,
  "total_cost": 1295921.5647287401,
  "energy_cost": 1295921.5647287401,
  "demand_charge_cost": 0.0,
  "cold_station_proxy_total_cost": 87348.98229528882,
  "cold_station_proxy_energy_cost": 87348.98229528882,
  "cold_station_proxy_grid_import_kwh": 909688.7119168055,
  "cold_station_proxy_pv_spill_kwh": 115792.70823600407,
  "grid_import_kwh": 13753896.003680801,
  "peak_grid_kw": 20198.55000000003,
  "peak_slack_max_kw": 0.0,
  "peak_slack_step_count": 0,
  "pv_actual_kwh": 386724.95999999996,
  "pv_used_kwh": 386724.95999999996,
  "pv_spill_kwh": 0.0,
  "pv_spill_reduction_vs_no_tes": null,
  "tes_charge_during_pv_surplus_kwh_th": 0.0,
  "soc_headroom_before_pv_hours": 0.0,
  "pv_self_consumption_ratio": 1.0,
  "pv_load_coverage_ratio": 0.3275606413038053,
  "it_energy_kwh": 12960000.0,
  "facility_energy_kwh": 14140620.9636808,
  "cold_station_energy_kwh": 1180620.9636808014,
  "pue_avg": 1.0910972965803087,
  "pue_p95": 1.1218721797999425,
  "temp_violation_count": 0,
  "temp_violation_degree_hours": 0.0,
  "max_temp_c": 26.5,
  "soc_min": 0.36788230764933927,
  "soc_max": 0.6786119497862622,
  "soc_violation_count": 0,
  "initial_soc": 0.5,
  "final_soc_after_last_update": 0.36769836649551463,
  "soc_delta": -0.13230163350448537,
  "soc_inventory_delta_kwh_th": -2381.429403080737,
  "tes_charge_kwh_th": 148500.0,
  "tes_discharge_kwh_th": 118125.0,
  "tes_equivalent_cycles": 6.5625,
  "tes_charge_weighted_avg_price": 39.24,
  "tes_discharge_weighted_avg_price": 163.62857142857143,
  "tes_arbitrage_price_spread": 124.38857142857142,
  "charge_steps": 1320,
  "discharge_steps": 1050,
  "idle_steps": 510,
  "charge_discharge_switch_count": 119,
  "first_discharge_step": 33,
  "first_discharge_timestamp": "2025-07-01 08:15:00",
  "avg_chiller_plr": 0.7573919393894509,
  "avg_mode_specific_plr": 0.7573919393894509,
  "weighted_avg_chiller_cop": 6.619511544596888,
  "time_in_high_plr_region": 326.0,
  "low_plr_hours": 0.0,
  "high_plr_hours": 326.0,
  "time_in_each_mode": {
    "0": 178.75,
    "1": 339.75,
    "2": 201.5
  },
  "mode_switch_count": 118,
  "max_signed_du": 0.1,
  "signed_valve_violation_count": 0,
  "physical_consistency_violation_count": 0,
  "max_chiller_supply_deficit_kw_th": 0.0,
  "max_signed_valve_du": 0.1,
  "tes_discharge_during_peak_cap_violation_kwh_th": 0.0,
  "dr_event_count": 0,
  "dr_requested_reduction_kwh": 0.0,
  "dr_served_reduction_kwh": 0.0,
  "dr_response_rate_avg": 0.0,
  "dr_revenue_cny": 0.0,
  "solve_time_avg_s": 0.0,
  "solve_time_p95_s": 0.0,
  "optimal_rate": 1.0,
  "feasible_rate": 1.0,
  "fallback_count": 0,
  "has_nan": false
}