{
  "1": {
    "soc_min": 0.0,
    "soc_max": 0.99949443,
    "soc_mean": 0.28647773385176967,
    "soc_std": 0.25668165833868845,
    "valve_mean": 0.8910214207582101,
    "valve_std": 0.28403948475382107,
    "valve_min": -0.3314148,
    "valve_max": 1.0,
    "pct_charge": 95.55986759502339,
    "pct_discharge": 2.134459536582582,
    "pct_idle": 2.305672868394019,
    "soc_traversal": 15.169269218599998,
    "equiv_cycles": 7.584634609299999
  },
  "3": {
    "soc_min": 0.0,
    "soc_max": 0.99949443,
    "soc_mean": 0.3308524028276453,
    "soc_std": 0.2333690687693794,
    "valve_mean": 0.18672905493404635,
    "valve_std": 0.7741439646842735,
    "valve_min": -1.0,
    "valve_max": 1.0,
    "pct_charge": 60.66659057185253,
    "pct_discharge": 31.526081497545945,
    "pct_idle": 7.807327930601529,
    "soc_traversal": 42.838184872,
    "equiv_cycles": 21.419092436
  },
  "4": {
    "soc_min": 0.0,
    "soc_max": 0.99949443,
    "soc_mean": 0.26599157094683823,
    "soc_std": 0.2140572503952817,
    "valve_mean": 0.8094308156293117,
    "valve_std": 0.2781309659722496,
    "valve_min": -0.09655018,
    "valve_max": 1.0,
    "pct_charge": 99.37221778335807,
    "pct_discharge": 0.03424266636228741,
    "pct_idle": 0.5935395502796484,
    "soc_traversal": 3.8221790496,
    "equiv_cycles": 1.9110895248
  },
  "5": {
    "soc_min": 0.0,
    "soc_max": 0.99949443,
    "soc_mean": 0.3486072712515158,
    "soc_std": 0.3433934251683417,
    "valve_mean": 0.6932645299876982,
    "valve_std": 0.4573558366583974,
    "valve_min": -0.8164582,
    "valve_max": 1.0,
    "pct_charge": 87.60415477685196,
    "pct_discharge": 10.889167903207396,
    "pct_idle": 1.506677319940646,
    "soc_traversal": 9.22180924,
    "equiv_cycles": 4.61090462
  },
  "6": {
    "soc_min": 0.0,
    "soc_max": 0.99949443,
    "soc_mean": 0.31637690176664424,
    "soc_std": 0.27670737661709965,
    "valve_mean": 0.7953497950846867,
    "valve_std": 0.3320980948792099,
    "valve_min": -0.17150055,
    "valve_max": 1.0,
    "pct_charge": 98.16231023855724,
    "pct_discharge": 0.44515466270973636,
    "pct_idle": 1.3925350987330214,
    "soc_traversal": 4.6765779374,
    "equiv_cycles": 2.3382889687
  },
  "8": {
    "soc_min": 0.0,
    "soc_max": 0.99949443,
    "soc_mean": 0.28684096078957877,
    "soc_std": 0.2649967929963702,
    "valve_mean": 0.9347923778095526,
    "valve_std": 0.21833865196807453,
    "valve_min": -0.69597864,
    "valve_max": 1.0,
    "pct_charge": 97.32907202374157,
    "pct_discharge": 1.4496062093368336,
    "pct_idle": 1.2213217669215843,
    "soc_traversal": 7.1051589146000005,
    "equiv_cycles": 3.5525794573000002
  }
}