{
  "scenario_id": "attribution_7day_mpc_tes_soc_neutral",
  "controller_type": "mpc",
  "closed_loop_steps": 672,
  "dt_hours": 0.25,
  "total_cost": 289400.13706524903,
  "energy_cost": 289400.13706524903,
  "demand_charge_cost": 0.0,
  "cold_station_proxy_total_cost": 13968.870112922237,
  "cold_station_proxy_energy_cost": 13968.870112922237,
  "cold_station_proxy_grid_import_kwh": 250395.08221889113,
  "cold_station_proxy_pv_spill_kwh": 35812.85647799035,
  "grid_import_kwh": 3238582.225740901,
  "peak_grid_kw": 21090.0,
  "peak_slack_max_kw": 0.0,
  "peak_slack_step_count": 0,
  "pv_actual_kwh": 108987.12,
  "pv_used_kwh": 108987.12,
  "pv_spill_kwh": 0.0,
  "pv_spill_reduction_vs_no_tes": null,
  "tes_charge_during_pv_surplus_kwh_th": 0.0,
  "soc_headroom_before_pv_hours": 0.0,
  "pv_self_consumption_ratio": 1.0,
  "pv_load_coverage_ratio": 0.33682770458506844,
  "it_energy_kwh": 3024000.0,
  "facility_energy_kwh": 3347569.345740901,
  "cold_station_energy_kwh": 323569.3457409008,
  "pue_avg": 1.1070004450201392,
  "pue_p95": 1.1716666666666666,
  "temp_violation_count": 0,
  "temp_violation_degree_hours": 6.306066779870889e-14,
  "max_temp_c": 27.000000000000252,
  "soc_min": 0.15,
  "soc_max": 0.517649416722976,
  "soc_violation_count": 0,
  "initial_soc": 0.5,
  "final_soc_after_last_update": 0.15,
  "soc_delta": -0.35,
  "soc_inventory_delta_kwh_th": -6300.0,
  "tes_charge_kwh_th": 43477.064341914636,
  "tes_discharge_kwh_th": 41014.5996773455,
  "tes_equivalent_cycles": 2.2785888709636386,
  "tes_charge_weighted_avg_price": 29.215685985240093,
  "tes_discharge_weighted_avg_price": 189.99592085081937,
  "tes_arbitrage_price_spread": 160.78023486557927,
  "charge_steps": 197,
  "discharge_steps": 125,
  "idle_steps": 350,
  "charge_discharge_switch_count": 27,
  "first_discharge_step": 75,
  "first_discharge_timestamp": "2025-07-01 18:45:00",
  "avg_chiller_plr": 0.9092090888233866,
  "avg_mode_specific_plr": 0.9092090888233866,
  "weighted_avg_chiller_cop": 7.047318989837216,
  "time_in_high_plr_region": 112.5,
  "low_plr_hours": 0.0,
  "high_plr_hours": 112.5,
  "time_in_each_mode": {
    "-1": 54.0,
    "2": 114.0
  },
  "mode_switch_count": 29,
  "max_signed_du": 0.10000000000038778,
  "signed_valve_violation_count": 0,
  "physical_consistency_violation_count": 0,
  "max_chiller_supply_deficit_kw_th": 2.473825588822365e-10,
  "max_signed_valve_du": 0.10000000000038778,
  "tes_discharge_during_peak_cap_violation_kwh_th": 0.0,
  "solve_time_avg_s": 0.1084284333333585,
  "solve_time_p95_s": 0.36000510500052757,
  "optimal_rate": 1.0,
  "feasible_rate": 1.0,
  "fallback_count": 0,
  "has_nan": false
}