{
  "scenario_id": "tou_screen_g1_cp0p2_mild_mpc_tes",
  "controller_type": "mpc",
  "closed_loop_steps": 2880,
  "dt_hours": 0.25,
  "total_cost": 1240553.6651103378,
  "energy_cost": 1240553.6651103378,
  "demand_charge_cost": 0.0,
  "cold_station_proxy_total_cost": 45685.859946924036,
  "cold_station_proxy_energy_cost": 45685.859946924036,
  "cold_station_proxy_grid_import_kwh": 942470.6900267804,
  "cold_station_proxy_pv_spill_kwh": 189931.85864802753,
  "grid_import_kwh": 13712538.831378752,
  "peak_grid_kw": 21090.000000000025,
  "peak_slack_max_kw": 0.0,
  "peak_slack_step_count": 0,
  "pv_actual_kwh": 386724.95999999996,
  "pv_used_kwh": 386724.95999999996,
  "pv_spill_kwh": 0.0,
  "pv_spill_reduction_vs_no_tes": null,
  "tes_charge_during_pv_surplus_kwh_th": 0.0,
  "soc_headroom_before_pv_hours": 0.0,
  "pv_self_consumption_ratio": 1.0,
  "pv_load_coverage_ratio": 0.33945163791432365,
  "it_energy_kwh": 12960000.0,
  "facility_energy_kwh": 14099263.791378753,
  "cold_station_energy_kwh": 1139263.7913787528,
  "pue_avg": 1.0879061567421877,
  "pue_p95": 1.1716666666666666,
  "temp_violation_count": 0,
  "temp_violation_degree_hours": 4.1744385725905886e-13,
  "max_temp_c": 27.000000000001084,
  "soc_min": 0.14589155982766128,
  "soc_max": 0.5,
  "soc_violation_count": 0,
  "initial_soc": 0.5,
  "final_soc_after_last_update": 0.14999999999998975,
  "soc_delta": -0.35000000000001025,
  "soc_inventory_delta_kwh_th": -6300.000000000185,
  "tes_charge_kwh_th": 103347.37853348913,
  "tes_discharge_kwh_th": 88290.54132199245,
  "tes_equivalent_cycles": 4.905030073444025,
  "tes_charge_weighted_avg_price": 31.46418496790622,
  "tes_discharge_weighted_avg_price": 180.68719523017174,
  "tes_arbitrage_price_spread": 149.22301026226552,
  "charge_steps": 625,
  "discharge_steps": 372,
  "idle_steps": 1883,
  "charge_discharge_switch_count": 123,
  "first_discharge_step": 74,
  "first_discharge_timestamp": "2025-07-01 18:30:00",
  "avg_chiller_plr": 0.9066198845587674,
  "avg_mode_specific_plr": 0.9066198845587674,
  "weighted_avg_chiller_cop": 7.044993045394389,
  "time_in_high_plr_region": 398.75,
  "low_plr_hours": 0.0,
  "high_plr_hours": 398.75,
  "time_in_each_mode": {
    "-1": 317.25,
    "0": 0.5,
    "2": 402.25
  },
  "mode_switch_count": 233,
  "max_signed_du": 0.10000000001976667,
  "signed_valve_violation_count": 0,
  "physical_consistency_violation_count": 0,
  "max_chiller_supply_deficit_kw_th": 3.637978807091713e-12,
  "max_signed_valve_du": 0.10000000001976667,
  "tes_discharge_during_peak_cap_violation_kwh_th": 0.0,
  "dr_event_count": 0,
  "dr_requested_reduction_kwh": 0.0,
  "dr_served_reduction_kwh": 0.0,
  "dr_response_rate_avg": 0.0,
  "dr_revenue_cny": 0.0,
  "solve_time_avg_s": 0.20154189649297727,
  "solve_time_p95_s": 0.5538709149979693,
  "optimal_rate": 1.0,
  "feasible_rate": 1.0,
  "fallback_count": 0,
  "has_nan": false
}