{
  "scenario_id": "chiller_tes_demand_mid",
  "controller_type": "mpc",
  "closed_loop_steps": 96,
  "dt_hours": 0.25,
  "total_cost": 4091.378192110734,
  "energy_cost": 3627.878192110734,
  "demand_charge_cost": 463.5,
  "grid_import_kwh": 47442.18710370142,
  "peak_grid_kw": 3090.0,
  "pv_actual_kwh": 20343.6,
  "pv_used_kwh": 20000.64,
  "pv_spill_kwh": 342.96000000000004,
  "pv_self_consumption_ratio": 0.9831416268507049,
  "pv_load_coverage_ratio": 0.2965569632667774,
  "it_energy_kwh": 432000.0,
  "facility_energy_kwh": 499442.8271037014,
  "cold_station_energy_kwh": 67442.82710370142,
  "pue_avg": 1.1561176553326422,
  "pue_p95": 1.1716666666666666,
  "temp_violation_count": 0,
  "temp_violation_degree_hours": 0.0,
  "max_temp_c": 26.414546617149565,
  "soc_min": 0.5,
  "soc_max": 0.85,
  "soc_violation_count": 0,
  "tes_charge_kwh_th": 7458.625872201675,
  "tes_discharge_kwh_th": 0.0,
  "tes_equivalent_cycles": 0.0,
  "avg_chiller_plr": 0.9911915765397713,
  "time_in_high_plr_region": 22.0,
  "solve_time_avg_s": 1.3045718177099843,
  "solve_time_p95_s": 2.3015783750161063,
  "optimal_rate": 1.0,
  "feasible_rate": 1.0,
  "fallback_count": 0,
  "has_nan": false
}