{
  "case_id": "relaxed_cap_0p99_paper_like_mpc_tes_relaxed",
  "controller": "paper_like_mpc_tes_relaxed",
  "steps": 96,
  "cost_total": 38797.12630180974,
  "energy_cost": 38797.12630180974,
  "whole_facility_energy_cost": 38797.12630180974,
  "plant_energy_cost": 562.9685578097469,
  "peak_slack_penalty_cost": 3163738.364728306,
  "objective_cost": 3207562.0925584557,
  "grid_import_kwh": 418670.4900304371,
  "plant_energy_kwh": 7014.090030437188,
  "pv_used_kwh": 20343.6,
  "pv_spill_kwh": 0.0,
  "peak_grid_kw": 18236.681351498944,
  "peak_slack_max_kw": 99.70631949894596,
  "peak_slack_kwh": 31.63738364728306,
  "peak_cap_success_flag": false,
  "soc_initial": 0.5,
  "soc_target": 0.5,
  "soc_final": 0.4371674808957023,
  "terminal_soc_abs_error": 0.06283251910429771,
  "soc_delta": -0.06283251910429771,
  "soc_min": 0.15,
  "soc_max": 0.85,
  "soc_violation_count": 0,
  "TES_charge_kwh_th": 18306.404626686526,
  "TES_discharge_kwh_th": 19041.92353060501,
  "TES_discharge_during_cp_kwh_th": 0.0,
  "TES_charge_during_valley_kwh_th": 8268.88538731787,
  "grid_reduction_during_cp_kwh": 0.0,
  "cp_hours": 3.0,
  "TES_charge_weighted_avg_price": 0.06838924401567469,
  "TES_discharge_weighted_avg_price": 0.10651389579527422,
  "TES_arbitrage_spread": 0.03812465177959953,
  "solver_time_avg_s": 0.00795920001110062,
  "solver_time_p95_s": 0.00795920001110062,
  "solver_status": "optimal_relaxed_modes",
  "mode_integrality": "relaxed",
  "strict_success": false,
  "fallback_reason": "",
  "mode_fractionality_max": 0.49026481316782916,
  "mode_fractionality_mean": 0.1931213160121601,
  "mode_fractionality_count": 89,
  "mode_fractionality_hours": 22.25,
  "solver_message": "Optimization terminated successfully. (HiGHS Status 7: Optimal)",
  "max_signed_du": 0.2500000000000005,
  "signed_valve_violation_count": 0,
  "grid_balance_violation_count": 0,
  "plant_tracking_error_abs_max_kw_th": 0.0
}