{
  "scenario_id": "peakcap_r0p99_eta10_mpc_tes",
  "controller_type": "mpc",
  "closed_loop_steps": 2880,
  "dt_hours": 0.25,
  "total_cost": 1307783.1370475215,
  "energy_cost": 1307783.1370475215,
  "demand_charge_cost": 0.0,
  "cold_station_proxy_total_cost": 105892.12147732163,
  "cold_station_proxy_energy_cost": 105892.12147732163,
  "cold_station_proxy_grid_import_kwh": 1440766.8570146232,
  "cold_station_proxy_pv_spill_kwh": 123933.48499999999,
  "grid_import_kwh": 14276833.372014623,
  "peak_grid_kw": 20879.100000000315,
  "peak_slack_max_kw": 2.255546860396862e-10,
  "peak_slack_step_count": 0,
  "pv_actual_kwh": 386724.95999999996,
  "pv_used_kwh": 386724.95999999996,
  "pv_spill_kwh": 0.0,
  "pv_spill_reduction_vs_no_tes": null,
  "tes_charge_during_pv_surplus_kwh_th": 0.0,
  "soc_headroom_before_pv_hours": 0.0,
  "pv_self_consumption_ratio": 1.0,
  "pv_load_coverage_ratio": 0.2270101074511843,
  "it_energy_kwh": 12960000.0,
  "facility_energy_kwh": 14663558.332014624,
  "cold_station_energy_kwh": 1703558.3320146233,
  "pue_avg": 1.1314474021616223,
  "pue_p95": 1.1716666666666666,
  "temp_violation_count": 0,
  "temp_violation_degree_hours": 1.9539925233402755e-13,
  "max_temp_c": 27.00000000000072,
  "soc_min": 0.10388381488115428,
  "soc_max": 0.502634732147324,
  "soc_violation_count": 0,
  "initial_soc": 0.5,
  "final_soc_after_last_update": 0.15218421081490394,
  "soc_delta": -0.34781578918509604,
  "soc_inventory_delta_kwh_th": -6260.684205331729,
  "tes_charge_kwh_th": 26406.48700166603,
  "tes_discharge_kwh_th": 24297.600933996568,
  "tes_equivalent_cycles": 1.3498667185553648,
  "tes_charge_weighted_avg_price": 53.94397953646729,
  "tes_discharge_weighted_avg_price": 144.10666450024,
  "tes_arbitrage_price_spread": 90.1626849637727,
  "charge_steps": 291,
  "discharge_steps": 223,
  "idle_steps": 2366,
  "charge_discharge_switch_count": 104,
  "first_discharge_step": 75,
  "first_discharge_timestamp": "2025-07-01 18:45:00",
  "avg_chiller_plr": 0.9530090287890209,
  "avg_mode_specific_plr": 0.9530090287890209,
  "weighted_avg_chiller_cop": 7.083866860339994,
  "time_in_high_plr_region": 574.5,
  "low_plr_hours": 0.0,
  "high_plr_hours": 574.5,
  "time_in_each_mode": {
    "-1": 144.0,
    "0": 0.75,
    "2": 575.25
  },
  "mode_switch_count": 127,
  "max_signed_du": 0.10000000000030124,
  "signed_valve_violation_count": 0,
  "physical_consistency_violation_count": 0,
  "max_chiller_supply_deficit_kw_th": 1.7680577002465725e-08,
  "max_signed_valve_du": 0.10000000000030124,
  "tes_discharge_during_peak_cap_violation_kwh_th": 0.0,
  "dr_event_count": 0,
  "dr_requested_reduction_kwh": 0.0,
  "dr_served_reduction_kwh": 0.0,
  "dr_response_rate_avg": 0.0,
  "dr_revenue_cny": 0.0,
  "solve_time_avg_s": 0.1901680865625925,
  "solve_time_p95_s": 0.58682634499346,
  "optimal_rate": 1.0,
  "feasible_rate": 1.0,
  "fallback_count": 0,
  "has_nan": false
}