{
  "case_id": "strict_cap_0p99_paper_like_mpc_tes",
  "controller": "paper_like_mpc_tes",
  "steps": 96,
  "cost_total": 19421.256552487805,
  "whole_facility_energy_cost": 19421.256552487805,
  "plant_energy_cost": 469.83508248780475,
  "grid_import_kwh": 434837.5076501287,
  "plant_energy_kwh": 7923.407650128693,
  "pv_used_kwh": 5085.9,
  "pv_spill_kwh": 0.0,
  "peak_grid_kw": 18384.6132,
  "peak_slack_max_kw": 184.5197280000031,
  "peak_slack_kwh": 1141.039530153308,
  "soc_initial": 0.5,
  "soc_target": 0.5,
  "soc_final": 0.15,
  "terminal_soc_abs_error": 0.35,
  "soc_delta": -0.35,
  "soc_min": 0.15,
  "soc_max": 0.5,
  "soc_violation_count": 0,
  "TES_charge_kwh_th": 11850.510808305726,
  "TES_discharge_kwh_th": 17949.1802517288,
  "TES_charge_weighted_avg_price": 0.09754791451596143,
  "TES_discharge_weighted_avg_price": 0.030494978774718687,
  "TES_arbitrage_spread": -0.06705293574124274,
  "solver_time_avg_s": 0.0262302000191994,
  "solver_time_p95_s": 0.0262302000191994,
  "solver_status": "optimal",
  "mode_integrality": "strict",
  "strict_success": true,
  "fallback_reason": "",
  "mode_fractionality_max": 6.661338147750939e-16,
  "solver_message": "Optimization terminated successfully. (HiGHS Status 7: Optimal)",
  "max_signed_du": 1.3071655159955773,
  "signed_valve_violation_count": 24,
  "grid_balance_violation_count": 0
}