{
  "case_id": "strict_cap_0p97_paper_like_mpc_tes",
  "controller": "paper_like_mpc_tes",
  "steps": 96,
  "cost_total": 38810.06505954878,
  "energy_cost": 38810.06505954878,
  "whole_facility_energy_cost": 38810.06505954878,
  "plant_energy_cost": 575.9073155487816,
  "peak_slack_penalty_cost": 358953970.95772314,
  "objective_cost": 359020781.0227827,
  "grid_import_kwh": 418751.44390163454,
  "plant_energy_kwh": 7095.043901634556,
  "pv_used_kwh": 20343.6,
  "pv_spill_kwh": 0.0,
  "peak_grid_kw": 18805.748637190154,
  "peak_slack_max_kw": 973.3338211901558,
  "peak_slack_kwh": 3589.5397095772314,
  "peak_cap_success_flag": false,
  "soc_initial": 0.5,
  "soc_target": 0.5,
  "soc_final": 0.15,
  "terminal_soc_abs_error": 0.35,
  "soc_delta": -0.35,
  "soc_min": 0.14999999999999997,
  "soc_max": 0.85,
  "soc_violation_count": 0,
  "TES_charge_kwh_th": 18801.856611192867,
  "TES_discharge_kwh_th": 24689.127233140833,
  "TES_discharge_during_cp_kwh_th": 0.0,
  "TES_charge_during_valley_kwh_th": 9375.784813752012,
  "grid_reduction_during_cp_kwh": 0.0,
  "cp_hours": 3.0,
  "TES_charge_weighted_avg_price": 0.06766122590336192,
  "TES_discharge_weighted_avg_price": 0.10271175840055678,
  "TES_arbitrage_spread": 0.035050532497194864,
  "solver_time_avg_s": 5.734839399985503,
  "solver_time_p95_s": 5.734839399985503,
  "solver_status": "optimal",
  "mode_integrality": "strict",
  "strict_success": true,
  "fallback_reason": "",
  "mode_fractionality_max": 3.019806626980426e-14,
  "solver_message": "Optimization terminated successfully. (HiGHS Status 7: Optimal)",
  "max_signed_du": 0.2500000000000174,
  "signed_valve_violation_count": 0,
  "grid_balance_violation_count": 0,
  "plant_tracking_error_abs_max_kw_th": 0.0
}