{
  "scenario_id": "attribution_7day_mpc_tes",
  "controller_type": "mpc",
  "closed_loop_steps": 672,
  "dt_hours": 0.25,
  "total_cost": 289447.58559233067,
  "energy_cost": 289447.58559233067,
  "demand_charge_cost": 0.0,
  "cold_station_proxy_total_cost": 13981.367531846983,
  "cold_station_proxy_energy_cost": 13981.367531846983,
  "cold_station_proxy_grid_import_kwh": 250206.02873234387,
  "cold_station_proxy_pv_spill_kwh": 35391.75878935343,
  "grid_import_kwh": 3238814.2699429905,
  "peak_grid_kw": 21090.0,
  "peak_slack_max_kw": 0.0,
  "peak_slack_step_count": 0,
  "pv_actual_kwh": 108987.12,
  "pv_used_kwh": 108987.12,
  "pv_spill_kwh": 0.0,
  "pv_spill_reduction_vs_no_tes": null,
  "tes_charge_during_pv_surplus_kwh_th": 0.0,
  "soc_headroom_before_pv_hours": 0.0,
  "pv_self_consumption_ratio": 1.0,
  "pv_load_coverage_ratio": 0.3365863253990004,
  "it_energy_kwh": 3024000.0,
  "facility_energy_kwh": 3347801.38994299,
  "cold_station_energy_kwh": 323801.38994299044,
  "pue_avg": 1.1070771792139518,
  "pue_p95": 1.1716666666666666,
  "temp_violation_count": 0,
  "temp_violation_degree_hours": 1.376676550535194e-13,
  "max_temp_c": 27.000000000000288,
  "soc_min": 0.15,
  "soc_max": 0.5290610971976959,
  "soc_violation_count": 0,
  "initial_soc": 0.5,
  "final_soc_after_last_update": 0.15,
  "soc_delta": -0.35,
  "soc_inventory_delta_kwh_th": -6300.0,
  "tes_charge_kwh_th": 21676.86771568328,
  "tes_discharge_kwh_th": 22821.691485537613,
  "tes_equivalent_cycles": 1.2678717491965341,
  "tes_charge_weighted_avg_price": 29.189600484922128,
  "tes_discharge_weighted_avg_price": 186.39451187889094,
  "tes_arbitrage_price_spread": 157.2049113939688,
  "charge_steps": 128,
  "discharge_steps": 89,
  "idle_steps": 455,
  "charge_discharge_switch_count": 27,
  "first_discharge_step": 75,
  "first_discharge_timestamp": "2025-07-01 18:45:00",
  "avg_chiller_plr": 0.9121953917288758,
  "avg_mode_specific_plr": 0.9121953917288758,
  "weighted_avg_chiller_cop": 7.049904783309989,
  "time_in_high_plr_region": 113.75,
  "low_plr_hours": 0.0,
  "high_plr_hours": 113.75,
  "time_in_each_mode": {
    "-1": 54.25,
    "2": 113.75
  },
  "mode_switch_count": 29,
  "max_signed_du": 0.10000000000018515,
  "signed_valve_violation_count": 0,
  "physical_consistency_violation_count": 0,
  "max_chiller_supply_deficit_kw_th": 0.0,
  "max_signed_valve_du": 0.10000000000018515,
  "tes_discharge_during_peak_cap_violation_kwh_th": 0.0,
  "solve_time_avg_s": 0.09959545193453052,
  "solve_time_p95_s": 0.3773121200003515,
  "optimal_rate": 1.0,
  "feasible_rate": 1.0,
  "fallback_count": 0,
  "has_nan": false
}