{
  "case_id": "strict_cap_0p97_paper_like_mpc_tes",
  "controller": "paper_like_mpc_tes",
  "steps": 96,
  "cost_total": 38733.57203238907,
  "whole_facility_energy_cost": 38733.57203238907,
  "plant_energy_cost": 499.41428838906404,
  "grid_import_kwh": 418200.28850169317,
  "plant_energy_kwh": 6543.888501693158,
  "pv_used_kwh": 20343.6,
  "pv_spill_kwh": 0.0,
  "peak_grid_kw": 18943.515804563012,
  "peak_slack_max_kw": 1111.1009885630144,
  "peak_slack_kwh": 3443.6898869750003,
  "soc_initial": 0.5,
  "soc_target": 0.5,
  "soc_final": 0.15,
  "terminal_soc_abs_error": 0.35,
  "soc_delta": -0.35,
  "soc_min": 0.14999999999999994,
  "soc_max": 0.85,
  "soc_violation_count": 0,
  "TES_charge_kwh_th": 28895.441729183403,
  "TES_discharge_kwh_th": 34871.24727130117,
  "TES_charge_weighted_avg_price": 0.0749167531537711,
  "TES_discharge_weighted_avg_price": 0.10235542922507443,
  "TES_arbitrage_spread": 0.027438676071303333,
  "solver_time_avg_s": 0.375789999961853,
  "solver_time_p95_s": 0.375789999961853,
  "solver_status": "optimal",
  "mode_integrality": "strict",
  "strict_success": true,
  "fallback_reason": "",
  "mode_fractionality_max": 3.352676246737768e-14,
  "solver_message": "Optimization terminated successfully. (HiGHS Status 7: Optimal)",
  "max_signed_du": 1.5071529003975643,
  "signed_valve_violation_count": 32,
  "grid_balance_violation_count": 0,
  "plant_tracking_error_abs_max_kw_th": 0.0
}