{
  "scenario_id": "tou_screen_g1p5_cp0_mild_mpc_tes",
  "controller_type": "mpc",
  "closed_loop_steps": 2880,
  "dt_hours": 0.25,
  "total_cost": 1228555.2029386722,
  "energy_cost": 1228555.2029386722,
  "demand_charge_cost": 0.0,
  "cold_station_proxy_total_cost": 31476.992596672368,
  "cold_station_proxy_energy_cost": 31476.992596672368,
  "cold_station_proxy_grid_import_kwh": 971019.4027978458,
  "cold_station_proxy_pv_spill_kwh": 212207.82000000245,
  "grid_import_kwh": 13718811.582797842,
  "peak_grid_kw": 21090.000000000266,
  "peak_slack_max_kw": 0.0,
  "peak_slack_step_count": 0,
  "pv_actual_kwh": 386724.95999999996,
  "pv_used_kwh": 386724.95999999996,
  "pv_spill_kwh": 0.0,
  "pv_spill_reduction_vs_no_tes": null,
  "tes_charge_during_pv_surplus_kwh_th": 0.0,
  "soc_headroom_before_pv_hours": 0.0,
  "pv_self_consumption_ratio": 1.0,
  "pv_load_coverage_ratio": 0.337592861992397,
  "it_energy_kwh": 12960000.0,
  "facility_energy_kwh": 14105536.542797845,
  "cold_station_energy_kwh": 1145536.5427978435,
  "pue_avg": 1.08839016533934,
  "pue_p95": 1.1716666666666666,
  "temp_violation_count": 0,
  "temp_violation_degree_hours": 4.973799150320701e-14,
  "max_temp_c": 27.0000000000002,
  "soc_min": 0.13799355515308667,
  "soc_max": 0.5,
  "soc_violation_count": 0,
  "initial_soc": 0.5,
  "final_soc_after_last_update": 0.15000000000001568,
  "soc_delta": -0.3499999999999843,
  "soc_inventory_delta_kwh_th": -6299.999999999718,
  "tes_charge_kwh_th": 100511.577000947,
  "tes_discharge_kwh_th": 86244.05238606922,
  "tes_equivalent_cycles": 4.7913362436705125,
  "tes_charge_weighted_avg_price": 12.028657445872781,
  "tes_discharge_weighted_avg_price": 217.71119579562483,
  "tes_arbitrage_price_spread": 205.68253834975206,
  "charge_steps": 789,
  "discharge_steps": 391,
  "idle_steps": 1700,
  "charge_discharge_switch_count": 117,
  "first_discharge_step": 74,
  "first_discharge_timestamp": "2025-07-01 18:30:00",
  "avg_chiller_plr": 0.8685251047597189,
  "avg_mode_specific_plr": 0.8685251047597189,
  "weighted_avg_chiller_cop": 7.009788246493984,
  "time_in_high_plr_region": 422.5,
  "low_plr_hours": 0.0,
  "high_plr_hours": 422.5,
  "time_in_each_mode": {
    "-1": 290.25,
    "0": 14.5,
    "2": 415.25
  },
  "mode_switch_count": 273,
  "max_signed_du": 0.10000000000043321,
  "signed_valve_violation_count": 0,
  "physical_consistency_violation_count": 0,
  "max_chiller_supply_deficit_kw_th": 0.0,
  "max_signed_valve_du": 0.10000000000043321,
  "tes_discharge_during_peak_cap_violation_kwh_th": 0.0,
  "dr_event_count": 0,
  "dr_requested_reduction_kwh": 0.0,
  "dr_served_reduction_kwh": 0.0,
  "dr_response_rate_avg": 0.0,
  "dr_revenue_cny": 0.0,
  "solve_time_avg_s": 0.1955206610067863,
  "solve_time_p95_s": 0.8513965399921273,
  "optimal_rate": 1.0,
  "feasible_rate": 1.0,
  "fallback_count": 0,
  "has_nan": false
}