{
  "scenario_id": "fixcheck_mpc_7day_rerun",
  "controller_type": "mpc",
  "closed_loop_steps": 672,
  "dt_hours": 0.25,
  "total_cost": 35306.68612936715,
  "energy_cost": 35306.68612936715,
  "demand_charge_cost": 0.0,
  "grid_import_kwh": 398751.62429919484,
  "peak_grid_kw": 3090.0,
  "peak_slack_max_kw": 0.0,
  "peak_slack_step_count": 0,
  "pv_actual_kwh": 108987.12,
  "pv_used_kwh": 108357.04,
  "pv_spill_kwh": 630.0800000000012,
  "pv_spill_reduction_vs_no_tes": null,
  "tes_charge_during_pv_surplus_kwh_th": 40.691489361691495,
  "soc_headroom_before_pv_hours": 0.75,
  "pv_self_consumption_ratio": 0.9942187664010206,
  "pv_load_coverage_ratio": 0.21367617559787774,
  "it_energy_kwh": 3024000.0,
  "facility_energy_kwh": 3531108.6642991947,
  "cold_station_energy_kwh": 507108.6642991948,
  "pue_avg": 1.167694664120104,
  "pue_p95": 1.1716666666666666,
  "temp_violation_count": 326,
  "temp_violation_degree_hours": 31.212885749363714,
  "max_temp_c": 27.841610617899036,
  "soc_min": 0.04999999999999958,
  "soc_max": 0.8602640271849578,
  "soc_violation_count": 0,
  "initial_soc": 0.5,
  "final_soc_after_last_update": 0.04999999999999987,
  "soc_delta": -0.4500000000000001,
  "soc_inventory_delta_kwh_th": -8100.000000000002,
  "tes_charge_kwh_th": 50884.50098145774,
  "tes_discharge_kwh_th": 49555.63529745578,
  "tes_equivalent_cycles": 2.7530908498586544,
  "tes_charge_weighted_avg_price": 98.88933777993704,
  "tes_discharge_weighted_avg_price": 136.04966372661983,
  "tes_arbitrage_price_spread": 37.16032594668279,
  "charge_steps": 321,
  "discharge_steps": 54,
  "idle_steps": 297,
  "charge_discharge_switch_count": 14,
  "first_discharge_step": 95,
  "first_discharge_timestamp": "2025-07-01 23:45:00",
  "avg_chiller_plr": 0.9962119349675647,
  "avg_mode_specific_plr": 0.9962119349675647,
  "weighted_avg_chiller_cop": 7.117391676770996,
  "time_in_high_plr_region": 166.0,
  "low_plr_hours": 0.0,
  "high_plr_hours": 166.0,
  "time_in_each_mode": {
    "-1": 2.0,
    "0": 2.25,
    "2": 163.75
  },
  "mode_switch_count": 6,
  "max_signed_du": 0.1000000000026473,
  "signed_valve_violation_count": 0,
  "physical_consistency_violation_count": 0,
  "max_chiller_supply_deficit_kw_th": 4.729372449219227e-11,
  "max_signed_valve_du": 0.1000000000026473,
  "tes_discharge_during_peak_cap_violation_kwh_th": 0.0,
  "solve_time_avg_s": 0.2526096991081691,
  "solve_time_p95_s": 1.181809795007574,
  "optimal_rate": 0.9910714285714286,
  "feasible_rate": 1.0,
  "fallback_count": 6,
  "has_nan": false
}