{
  "case_id": "cap_1p0_paper_like_mpc_tes",
  "controller": "paper_like_mpc_tes",
  "steps": 96,
  "cost_total": 19159.387464202417,
  "whole_facility_energy_cost": 19159.387464202417,
  "plant_energy_cost": 207.96599420241355,
  "grid_import_kwh": 434085.34117939364,
  "plant_energy_kwh": 7171.241179393572,
  "pv_used_kwh": 5085.9,
  "pv_spill_kwh": 0.0,
  "peak_grid_kw": 18383.9328,
  "peak_slack_max_kw": 0.0,
  "peak_slack_kwh": 0.0,
  "soc_initial": 0.5,
  "soc_final": 0.5,
  "soc_delta": 0.0,
  "soc_min": 0.20417956680426944,
  "soc_max": 0.6163031920695128,
  "TES_charge_kwh_th": 13933.099120265495,
  "TES_discharge_kwh_th": 13523.618760385189,
  "TES_charge_weighted_avg_price": 0.029000000000000005,
  "TES_discharge_weighted_avg_price": 0.09151496437944974,
  "TES_arbitrage_spread": 0.06251496437944973,
  "solver_time_avg_s": 0.015194299980066717,
  "solver_time_p95_s": 0.015194299980066717,
  "solver_status": "optimal_relaxed_modes",
  "max_signed_du": 0.8413884275924959,
  "signed_valve_violation_count": 37,
  "grid_balance_violation_count": 0
}