{
  "scenario_id": "peakcap_r1_eta10_mpc_tes",
  "controller_type": "mpc",
  "closed_loop_steps": 2880,
  "dt_hours": 0.25,
  "total_cost": 1302890.1441987902,
  "energy_cost": 1302890.1441987902,
  "demand_charge_cost": 0.0,
  "cold_station_proxy_total_cost": 101140.30492479012,
  "cold_station_proxy_energy_cost": 101140.30492479012,
  "cold_station_proxy_grid_import_kwh": 1447934.7358895233,
  "cold_station_proxy_pv_spill_kwh": 124832.43,
  "grid_import_kwh": 14283102.305889525,
  "peak_grid_kw": 21090.0000000001,
  "peak_slack_max_kw": 7.275957614183426e-12,
  "peak_slack_step_count": 0,
  "pv_actual_kwh": 386724.95999999996,
  "pv_used_kwh": 386724.95999999996,
  "pv_spill_kwh": 0.0,
  "pv_spill_reduction_vs_no_tes": null,
  "tes_charge_during_pv_surplus_kwh_th": 0.0,
  "soc_headroom_before_pv_hours": 0.0,
  "pv_self_consumption_ratio": 1.0,
  "pv_load_coverage_ratio": 0.2261777945147047,
  "it_energy_kwh": 12960000.0,
  "facility_energy_kwh": 14669827.265889522,
  "cold_station_energy_kwh": 1709827.2658895233,
  "pue_avg": 1.131931116195179,
  "pue_p95": 1.1716666666666666,
  "temp_violation_count": 0,
  "temp_violation_degree_hours": 5.568878691519785e-13,
  "max_temp_c": 27.00000000000008,
  "soc_min": 0.14999999999997263,
  "soc_max": 0.570042049726764,
  "soc_violation_count": 0,
  "initial_soc": 0.5,
  "final_soc_after_last_update": 0.15587499999999999,
  "soc_delta": -0.344125,
  "soc_inventory_delta_kwh_th": -6194.25,
  "tes_charge_kwh_th": 81890.6591035329,
  "tes_discharge_kwh_th": 70232.88596543547,
  "tes_equivalent_cycles": 3.9018269980797484,
  "tes_charge_weighted_avg_price": 31.558525055800516,
  "tes_discharge_weighted_avg_price": 197.66654532366778,
  "tes_arbitrage_price_spread": 166.10802026786726,
  "charge_steps": 563,
  "discharge_steps": 248,
  "idle_steps": 2069,
  "charge_discharge_switch_count": 66,
  "first_discharge_step": 73,
  "first_discharge_timestamp": "2025-07-01 18:15:00",
  "avg_chiller_plr": 0.9755523583091334,
  "avg_mode_specific_plr": 0.9755523583091334,
  "weighted_avg_chiller_cop": 7.101426366234572,
  "time_in_high_plr_region": 565.75,
  "low_plr_hours": 0.0,
  "high_plr_hours": 565.75,
  "time_in_each_mode": {
    "-1": 154.25,
    "2": 565.75
  },
  "mode_switch_count": 123,
  "max_signed_du": 0.10000000000135295,
  "signed_valve_violation_count": 0,
  "physical_consistency_violation_count": 0,
  "max_chiller_supply_deficit_kw_th": 3.637978807091713e-12,
  "max_signed_valve_du": 0.10000000000135295,
  "tes_discharge_during_peak_cap_violation_kwh_th": 0.0,
  "dr_event_count": 0,
  "dr_requested_reduction_kwh": 0.0,
  "dr_served_reduction_kwh": 0.0,
  "dr_response_rate_avg": 0.0,
  "dr_revenue_cny": 0.0,
  "solve_time_avg_s": 0.09807734586780599,
  "solve_time_p95_s": 0.37225282500003226,
  "optimal_rate": 1.0,
  "feasible_rate": 1.0,
  "fallback_count": 0,
  "has_nan": false
}