{
  "scenario_id": "terminal_soc_7day_low_target",
  "controller_type": "mpc",
  "closed_loop_steps": 672,
  "dt_hours": 0.25,
  "total_cost": 35275.25103507118,
  "energy_cost": 35275.25103507118,
  "demand_charge_cost": 0.0,
  "grid_import_kwh": 398561.108576189,
  "peak_grid_kw": 3090.0,
  "peak_slack_max_kw": 0.0,
  "peak_slack_step_count": 0,
  "pv_actual_kwh": 108987.12,
  "pv_used_kwh": 108357.04,
  "pv_spill_kwh": 630.0800000000003,
  "pv_spill_reduction_vs_no_tes": null,
  "tes_charge_during_pv_surplus_kwh_th": 231.26633905281764,
  "soc_headroom_before_pv_hours": 1.0,
  "pv_self_consumption_ratio": 0.9942187664010206,
  "pv_load_coverage_ratio": 0.21375648179957418,
  "it_energy_kwh": 3024000.0,
  "facility_energy_kwh": 3530918.148576189,
  "cold_station_energy_kwh": 506918.148576189,
  "pue_avg": 1.1676316628889514,
  "pue_p95": 1.1716666666666666,
  "temp_violation_count": 323,
  "temp_violation_degree_hours": 31.694143835710303,
  "max_temp_c": 27.84456620057077,
  "soc_min": 0.04999999999999958,
  "soc_max": 0.860264027184958,
  "soc_violation_count": 0,
  "initial_soc": 0.5,
  "final_soc_after_last_update": 0.04999999999999986,
  "soc_delta": -0.4500000000000001,
  "soc_inventory_delta_kwh_th": -8100.000000000002,
  "tes_charge_kwh_th": 51790.171286563265,
  "tes_discharge_kwh_th": 50396.03384305524,
  "tes_equivalent_cycles": 2.799779657947513,
  "tes_charge_weighted_avg_price": 96.78979504215293,
  "tes_discharge_weighted_avg_price": 137.90555751375277,
  "tes_arbitrage_price_spread": 41.11576247159984,
  "charge_steps": 335,
  "discharge_steps": 53,
  "idle_steps": 284,
  "charge_discharge_switch_count": 14,
  "first_discharge_step": 94,
  "first_discharge_timestamp": "2025-07-01 23:30:00",
  "avg_chiller_plr": 0.9957979071615225,
  "avg_mode_specific_plr": 0.9957979071615225,
  "weighted_avg_chiller_cop": 7.1170838272160175,
  "time_in_high_plr_region": 165.5,
  "low_plr_hours": 0.0,
  "high_plr_hours": 165.5,
  "time_in_each_mode": {
    "-1": 2.0,
    "0": 2.25,
    "2": 163.75
  },
  "mode_switch_count": 6,
  "max_signed_du": 0.10000000000099973,
  "signed_valve_violation_count": 0,
  "physical_consistency_violation_count": 0,
  "max_chiller_supply_deficit_kw_th": 4.729372449219227e-11,
  "max_signed_valve_du": 0.10000000000099973,
  "tes_discharge_during_peak_cap_violation_kwh_th": 0.0,
  "solve_time_avg_s": 0.35064619955314164,
  "solve_time_p95_s": 1.6109574600050107,
  "optimal_rate": 0.9970238095238095,
  "feasible_rate": 1.0,
  "fallback_count": 2,
  "has_nan": false
}