{
  "scenario_id": "peakcap_r0p95_eta20_mpc_tes",
  "controller_type": "mpc",
  "closed_loop_steps": 2880,
  "dt_hours": 0.25,
  "total_cost": 1345057.8615338926,
  "energy_cost": 1345057.8615338926,
  "demand_charge_cost": 0.0,
  "cold_station_proxy_total_cost": 124072.04424381605,
  "cold_station_proxy_energy_cost": 124072.04424381605,
  "cold_station_proxy_grid_import_kwh": 1331678.8894368503,
  "cold_station_proxy_pv_spill_kwh": 8207.413970446882,
  "grid_import_kwh": 14283471.475466404,
  "peak_grid_kw": 20035.50000000021,
  "peak_slack_max_kw": 1.2732925824820995e-10,
  "peak_slack_step_count": 0,
  "pv_actual_kwh": 386724.95999999996,
  "pv_used_kwh": 386724.95999999996,
  "pv_spill_kwh": 0.0,
  "pv_spill_reduction_vs_no_tes": null,
  "tes_charge_during_pv_surplus_kwh_th": 0.0,
  "soc_headroom_before_pv_hours": 0.0,
  "pv_self_consumption_ratio": 1.0,
  "pv_load_coverage_ratio": 0.22612897090651027,
  "it_energy_kwh": 12960000.0,
  "facility_energy_kwh": 14670196.435466405,
  "cold_station_energy_kwh": 1710196.4354664036,
  "pue_avg": 1.1319596015020374,
  "pue_p95": 1.1716666666666666,
  "temp_violation_count": 1862,
  "temp_violation_degree_hours": 415.57718472026505,
  "max_temp_c": 29.200377673563732,
  "soc_min": 0.04999999999999924,
  "soc_max": 0.7406799048646789,
  "soc_violation_count": 0,
  "initial_soc": 0.5,
  "final_soc_after_last_update": 0.04999999999999995,
  "soc_delta": -0.45000000000000007,
  "soc_inventory_delta_kwh_th": -8100.000000000001,
  "tes_charge_kwh_th": 143736.36388437482,
  "tes_discharge_kwh_th": 127813.47962990755,
  "tes_equivalent_cycles": 7.100748868328197,
  "tes_charge_weighted_avg_price": 93.20853601822832,
  "tes_discharge_weighted_avg_price": 133.09691272713292,
  "tes_arbitrage_price_spread": 39.8883767089046,
  "charge_steps": 1951,
  "discharge_steps": 284,
  "idle_steps": 645,
  "charge_discharge_switch_count": 44,
  "first_discharge_step": 89,
  "first_discharge_timestamp": "2025-07-01 22:15:00",
  "avg_chiller_plr": 0.9003075662977991,
  "avg_mode_specific_plr": 0.9003075662977991,
  "weighted_avg_chiller_cop": 6.7573046327646304,
  "time_in_high_plr_region": 620.75,
  "low_plr_hours": 0.0,
  "high_plr_hours": 620.75,
  "time_in_each_mode": {
    "-1": 2.75,
    "0": 2.75,
    "1": 350.75,
    "2": 363.75
  },
  "mode_switch_count": 66,
  "max_signed_du": 0.10000000000016818,
  "signed_valve_violation_count": 0,
  "physical_consistency_violation_count": 0,
  "max_chiller_supply_deficit_kw_th": 1.0913936421275139e-11,
  "max_signed_valve_du": 0.10000000000016818,
  "tes_discharge_during_peak_cap_violation_kwh_th": 0.0,
  "dr_event_count": 0,
  "dr_requested_reduction_kwh": 0.0,
  "dr_served_reduction_kwh": 0.0,
  "dr_response_rate_avg": 0.0,
  "dr_revenue_cny": 0.0,
  "solve_time_avg_s": 2.046313297534597,
  "solve_time_p95_s": 3.7691997749985586,
  "optimal_rate": 1.0,
  "feasible_rate": 1.0,
  "fallback_count": 0,
  "has_nan": false
}