{
  "scenario_id": "tou_screen_g2_cp0_mild_mpc_tes",
  "controller_type": "mpc",
  "closed_loop_steps": 2880,
  "dt_hours": 0.25,
  "total_cost": 1360954.563385317,
  "energy_cost": 1360954.563385317,
  "demand_charge_cost": 0.0,
  "cold_station_proxy_total_cost": 31701.98671907051,
  "cold_station_proxy_energy_cost": 31701.98671907051,
  "cold_station_proxy_grid_import_kwh": 977964.873587565,
  "cold_station_proxy_pv_spill_kwh": 221691.76499999998,
  "grid_import_kwh": 13716273.108587565,
  "peak_grid_kw": 21090.00000000019,
  "peak_slack_max_kw": 0.0,
  "peak_slack_step_count": 0,
  "pv_actual_kwh": 386724.95999999996,
  "pv_used_kwh": 386724.95999999996,
  "pv_spill_kwh": 0.0,
  "pv_spill_reduction_vs_no_tes": null,
  "tes_charge_during_pv_surplus_kwh_th": 0.0,
  "soc_headroom_before_pv_hours": 0.0,
  "pv_self_consumption_ratio": 1.0,
  "pv_load_coverage_ratio": 0.33834261896687795,
  "it_energy_kwh": 12960000.0,
  "facility_energy_kwh": 14102998.068587566,
  "cold_station_energy_kwh": 1142998.068587565,
  "pue_avg": 1.0881942954157073,
  "pue_p95": 1.1716666666666666,
  "temp_violation_count": 0,
  "temp_violation_degree_hours": 8.970602038971265e-14,
  "max_temp_c": 27.00000000000036,
  "soc_min": 0.13799355515308667,
  "soc_max": 0.5,
  "soc_violation_count": 0,
  "initial_soc": 0.5,
  "final_soc_after_last_update": 0.15000000000001565,
  "soc_delta": -0.3499999999999843,
  "soc_inventory_delta_kwh_th": -6299.999999999718,
  "tes_charge_kwh_th": 100511.57700094066,
  "tes_discharge_kwh_th": 86244.05238606372,
  "tes_equivalent_cycles": 4.791336243670207,
  "tes_charge_weighted_avg_price": 11.821853914207097,
  "tes_discharge_weighted_avg_price": 254.42809322451254,
  "tes_arbitrage_price_spread": 242.60623931030545,
  "charge_steps": 789,
  "discharge_steps": 391,
  "idle_steps": 1700,
  "charge_discharge_switch_count": 117,
  "first_discharge_step": 74,
  "first_discharge_timestamp": "2025-07-01 18:30:00",
  "avg_chiller_plr": 0.8832298656570073,
  "avg_mode_specific_plr": 0.8832298656570073,
  "weighted_avg_chiller_cop": 7.023738545669962,
  "time_in_high_plr_region": 422.5,
  "low_plr_hours": 0.0,
  "high_plr_hours": 422.5,
  "time_in_each_mode": {
    "-1": 297.5,
    "0": 14.5,
    "2": 408.0
  },
  "mode_switch_count": 273,
  "max_signed_du": 0.10000000000042598,
  "signed_valve_violation_count": 0,
  "physical_consistency_violation_count": 0,
  "max_chiller_supply_deficit_kw_th": 0.0,
  "max_signed_valve_du": 0.10000000000042598,
  "tes_discharge_during_peak_cap_violation_kwh_th": 0.0,
  "dr_event_count": 0,
  "dr_requested_reduction_kwh": 0.0,
  "dr_served_reduction_kwh": 0.0,
  "dr_response_rate_avg": 0.0,
  "dr_revenue_cny": 0.0,
  "solve_time_avg_s": 0.18452138871512033,
  "solve_time_p95_s": 0.600420100003975,
  "optimal_rate": 1.0,
  "feasible_rate": 1.0,
  "fallback_count": 0,
  "has_nan": false
}