{
  "scenario_id": "pv_priority_pv_scale-3_w_spill-1p0",
  "controller_type": "mpc",
  "closed_loop_steps": 96,
  "dt_hours": 0.25,
  "total_cost": 1802.4819043404614,
  "energy_cost": 1802.4819043404614,
  "demand_charge_cost": 0.0,
  "grid_import_kwh": 32065.697117214917,
  "peak_grid_kw": 3090.0000000000055,
  "peak_slack_max_kw": 0.0,
  "peak_slack_step_count": 0,
  "pv_actual_kwh": 61030.8,
  "pv_used_kwh": 31661.37110979713,
  "pv_spill_kwh": 29369.42889020287,
  "pv_spill_reduction_vs_no_tes": null,
  "tes_charge_during_pv_surplus_kwh_th": 130.212765957467,
  "soc_headroom_before_pv_hours": 4.5,
  "pv_self_consumption_ratio": 0.5187769308250446,
  "pv_load_coverage_ratio": 0.4968276744979271,
  "it_energy_kwh": 432000.0,
  "facility_energy_kwh": 495727.06822701206,
  "cold_station_energy_kwh": 63727.068227012045,
  "pue_avg": 1.147516361636602,
  "pue_p95": 1.1716666666666666,
  "temp_violation_count": 0,
  "temp_violation_degree_hours": 0.0,
  "max_temp_c": 26.839142126196887,
  "soc_min": 0.5,
  "soc_max": 0.8500000000000026,
  "soc_violation_count": 0,
  "initial_soc": 0.5,
  "final_soc_after_last_update": 0.8298378725917464,
  "soc_delta": 0.32983787259174635,
  "soc_inventory_delta_kwh_th": 5937.081706651435,
  "tes_charge_kwh_th": 7067.917319789258,
  "tes_discharge_kwh_th": 0.0,
  "tes_equivalent_cycles": 0.0,
  "tes_charge_weighted_avg_price": 31.127865082119083,
  "tes_discharge_weighted_avg_price": null,
  "tes_arbitrage_price_spread": null,
  "charge_steps": 48,
  "discharge_steps": 0,
  "idle_steps": 48,
  "charge_discharge_switch_count": 0,
  "first_discharge_step": null,
  "first_discharge_timestamp": null,
  "avg_chiller_plr": 0.9853475932094178,
  "avg_mode_specific_plr": 0.9853475932094178,
  "weighted_avg_chiller_cop": 7.1150484247864005,
  "time_in_high_plr_region": 22.0,
  "low_plr_hours": 0.0,
  "high_plr_hours": 22.0,
  "time_in_each_mode": {
    "-1": 2.0,
    "0": 2.0,
    "2": 20.0
  },
  "mode_switch_count": 3,
  "max_signed_du": 0.10000000000000003,
  "signed_valve_violation_count": 0,
  "physical_consistency_violation_count": 0,
  "max_chiller_supply_deficit_kw_th": 7.639755494892597e-11,
  "max_signed_valve_du": 0.10000000000000003,
  "tes_discharge_during_peak_cap_violation_kwh_th": 0.0,
  "solve_time_avg_s": 0.8429429843721058,
  "solve_time_p95_s": 1.4053537000072538,
  "optimal_rate": 1.0,
  "feasible_rate": 1.0,
  "fallback_count": 0,
  "has_nan": false
}