{
  "scenario_id": "chiller_tes_pv_x2",
  "controller_type": "mpc",
  "closed_loop_steps": 96,
  "dt_hours": 0.25,
  "total_cost": 2693.7280107239117,
  "energy_cost": 2693.7280107239117,
  "demand_charge_cost": 0.0,
  "grid_import_kwh": 38871.13994378128,
  "peak_grid_kw": 3090.0,
  "pv_actual_kwh": 40687.2,
  "pv_used_kwh": 28573.181469139134,
  "pv_spill_kwh": 12114.018530860865,
  "pv_self_consumption_ratio": 0.7022646303785745,
  "pv_load_coverage_ratio": 0.4236558522726174,
  "it_energy_kwh": 432000.0,
  "facility_energy_kwh": 499444.3214129204,
  "cold_station_energy_kwh": 67444.32141292041,
  "pue_avg": 1.1561211143817602,
  "pue_p95": 1.1716666666666666,
  "temp_violation_count": 0,
  "temp_violation_degree_hours": 0.0,
  "max_temp_c": 26.41452831170368,
  "soc_min": 0.5,
  "soc_max": 0.85,
  "soc_violation_count": 0,
  "tes_charge_kwh_th": 7458.569622201672,
  "tes_discharge_kwh_th": 0.0,
  "tes_equivalent_cycles": 0.0,
  "avg_chiller_plr": 0.9912160798393088,
  "time_in_high_plr_region": 22.0,
  "solve_time_avg_s": 0.3873309541662214,
  "solve_time_p95_s": 1.5854985999976634,
  "optimal_rate": 1.0,
  "feasible_rate": 1.0,
  "fallback_count": 0,
  "has_nan": false
}