{
  "scenario_id": "hot_week",
  "controller_type": "mpc",
  "closed_loop_steps": 96,
  "dt_hours": 0.25,
  "total_cost": 46216.273261680246,
  "grid_import_kwh": 502871.6154511431,
  "pv_actual_kwh": 20343.6,
  "pv_used_kwh": 20343.6,
  "pv_spill_kwh": 0.0,
  "pv_self_consumption_ratio": 1.0,
  "pv_load_coverage_ratio": 0.03888189677828597,
  "it_energy_kwh": 432000.0,
  "facility_energy_kwh": 523215.21545114304,
  "pue_avg": 1.211146332062831,
  "pue_p95": 1.281046616794239,
  "temp_violation_count": 46,
  "temp_violation_degree_hours": 18.239511945326477,
  "max_temp_c": 30.386157510179718,
  "soc_min": 0.07263077934266307,
  "soc_max": 0.9499999999999998,
  "soc_violation_count": 0,
  "tes_charge_kwh_th": 53536.21230240373,
  "tes_discharge_kwh_th": 53321.04995813413,
  "tes_equivalent_cycles": 2.962280553229674,
  "solve_time_avg_s": 0.21906797083253574,
  "solve_time_p95_s": 0.35633467500883853,
  "optimal_rate": 1.0,
  "feasible_rate": 1.0,
  "fallback_count": 0,
  "has_nan": false
}