{
  "scenario_id": "peak_cap_peak_cap_kw-",
  "controller_type": "mpc",
  "closed_loop_steps": 96,
  "dt_hours": 0.25,
  "total_cost": 2784.8069293671506,
  "energy_cost": 2784.8069293671506,
  "demand_charge_cost": 0.0,
  "grid_import_kwh": 42332.66429919485,
  "peak_grid_kw": 3090.0,
  "peak_slack_max_kw": 0.0,
  "peak_slack_step_count": 0,
  "pv_actual_kwh": 20343.6,
  "pv_used_kwh": 19815.999999999996,
  "pv_spill_kwh": 527.6000000000012,
  "pv_spill_reduction_vs_no_tes": null,
  "tes_charge_during_pv_surplus_kwh_th": 40.691489361691495,
  "soc_headroom_before_pv_hours": 0.5,
  "pv_self_consumption_ratio": 0.9740655537859572,
  "pv_load_coverage_ratio": 0.31884836502040026,
  "it_energy_kwh": 432000.0,
  "facility_energy_kwh": 494148.6642991948,
  "cold_station_energy_kwh": 62148.66429919485,
  "pue_avg": 1.1438626488407286,
  "pue_p95": 1.1716666666666666,
  "temp_violation_count": 0,
  "temp_violation_degree_hours": 0.0,
  "max_temp_c": 26.960071527937156,
  "soc_min": 0.5,
  "soc_max": 0.85,
  "soc_violation_count": 0,
  "initial_soc": 0.5,
  "final_soc_after_last_update": 0.8252989962768452,
  "soc_delta": 0.3252989962768452,
  "soc_inventory_delta_kwh_th": 5855.381932983214,
  "tes_charge_kwh_th": 7076.0556176615455,
  "tes_discharge_kwh_th": 82.03828660719499,
  "tes_equivalent_cycles": 0.0045576825892886105,
  "tes_charge_weighted_avg_price": 31.1254177865057,
  "tes_discharge_weighted_avg_price": 83.0,
  "tes_arbitrage_price_spread": 51.8745822134943,
  "charge_steps": 49,
  "discharge_steps": 1,
  "idle_steps": 46,
  "charge_discharge_switch_count": 1,
  "first_discharge_step": 95,
  "first_discharge_timestamp": "2025-07-01 23:45:00",
  "avg_chiller_plr": 0.9714173274825338,
  "avg_mode_specific_plr": 0.9714173274825338,
  "weighted_avg_chiller_cop": 7.10057072790965,
  "time_in_high_plr_region": 22.0,
  "low_plr_hours": 0.0,
  "high_plr_hours": 22.0,
  "time_in_each_mode": {
    "-1": 2.0,
    "0": 2.25,
    "2": 19.75
  },
  "mode_switch_count": 6,
  "max_signed_du": 0.10000000000000003,
  "signed_valve_violation_count": 0,
  "physical_consistency_violation_count": 0,
  "max_chiller_supply_deficit_kw_th": 0.0,
  "max_signed_valve_du": 0.10000000000000003,
  "tes_discharge_during_peak_cap_violation_kwh_th": 0.0,
  "solve_time_avg_s": 1.6349482499999795,
  "solve_time_p95_s": 5.141029600003094,
  "optimal_rate": 1.0,
  "feasible_rate": 1.0,
  "fallback_count": 0,
  "has_nan": false
}