{
  "case_id": "flat_paper_like_mpc_tes",
  "controller": "paper_like_mpc_tes",
  "steps": 96,
  "cost_total": 19463.381757175986,
  "whole_facility_energy_cost": 19463.381757175986,
  "plant_energy_cost": 304.189863175984,
  "grid_import_kwh": 434191.3694539709,
  "plant_energy_kwh": 7277.269453970908,
  "pv_used_kwh": 5085.9,
  "pv_spill_kwh": 0.0,
  "peak_grid_kw": 18950.88618276389,
  "peak_slack_max_kw": 0.0,
  "peak_slack_kwh": 0.0,
  "soc_initial": 0.5,
  "soc_final": 0.5,
  "soc_delta": 0.0,
  "soc_min": 0.14999999999999938,
  "soc_max": 0.5,
  "TES_charge_kwh_th": 34678.22899840424,
  "TES_discharge_kwh_th": 34476.40793514307,
  "TES_charge_weighted_avg_price": 0.041800000000000004,
  "TES_discharge_weighted_avg_price": 0.046704388802204434,
  "TES_arbitrage_spread": 0.0049043888022044305,
  "solver_time_avg_s": 0.12655340001219884,
  "solver_time_p95_s": 0.12655340001219884,
  "solver_status": "optimal",
  "max_signed_du": 1.5184000000000002,
  "signed_valve_violation_count": 49,
  "grid_balance_violation_count": 0
}