{
  "case_id": "relaxed_cap_0p97_paper_like_mpc_tes_relaxed",
  "controller": "paper_like_mpc_tes_relaxed",
  "steps": 96,
  "cost_total": 38705.75780466852,
  "energy_cost": 38705.75780466852,
  "whole_facility_energy_cost": 38705.75780466852,
  "plant_energy_cost": 471.60006066851906,
  "peak_slack_penalty_cost": 415736097.96292615,
  "objective_cost": 415802803.7207304,
  "grid_import_kwh": 417950.12025148905,
  "plant_energy_kwh": 6293.720251489085,
  "pv_used_kwh": 20343.6,
  "pv_spill_kwh": 0.0,
  "peak_grid_kw": 18313.971460108045,
  "peak_slack_max_kw": 543.3999641080482,
  "peak_slack_kwh": 4157.360979629261,
  "peak_cap_success_flag": false,
  "soc_initial": 0.5,
  "soc_target": 0.5,
  "soc_final": 0.15,
  "terminal_soc_abs_error": 0.35,
  "soc_delta": -0.35,
  "soc_min": 0.15,
  "soc_max": 0.85,
  "soc_violation_count": 0,
  "TES_charge_kwh_th": 15115.562227119904,
  "TES_discharge_kwh_th": 21099.676970368833,
  "TES_discharge_during_cp_kwh_th": 0.0,
  "TES_charge_during_valley_kwh_th": 6220.073126297172,
  "grid_reduction_during_cp_kwh": 0.0,
  "cp_hours": 3.0,
  "TES_charge_weighted_avg_price": 0.06808351207228898,
  "TES_discharge_weighted_avg_price": 0.11711541331401505,
  "TES_arbitrage_spread": 0.04903190124172607,
  "solver_time_avg_s": 0.007620100048370659,
  "solver_time_p95_s": 0.007620100048370659,
  "solver_status": "optimal_relaxed_modes",
  "mode_integrality": "relaxed",
  "strict_success": false,
  "fallback_reason": "",
  "mode_fractionality_max": 0.4848192131147498,
  "mode_fractionality_mean": 0.1824570013911204,
  "mode_fractionality_count": 66,
  "mode_fractionality_hours": 16.5,
  "solver_message": "Optimization terminated successfully. (HiGHS Status 7: Optimal)",
  "max_signed_du": 0.2500000000000001,
  "signed_valve_violation_count": 0,
  "grid_balance_violation_count": 0,
  "plant_tracking_error_abs_max_kw_th": 0.0
}