{
  "case_id": "relaxed_cap_0p99_paper_like_mpc_tes",
  "controller": "paper_like_mpc_tes",
  "steps": 96,
  "cost_total": 38783.89539659938,
  "energy_cost": 38783.89539659938,
  "whole_facility_energy_cost": 38783.89539659938,
  "plant_energy_cost": 549.7376525993759,
  "peak_slack_penalty_cost": 0.0,
  "objective_cost": 38783.895396599335,
  "grid_import_kwh": 418829.4341395721,
  "plant_energy_kwh": 7173.034139572031,
  "pv_used_kwh": 20343.6,
  "pv_spill_kwh": 0.0,
  "peak_grid_kw": 18200.093471999997,
  "peak_slack_max_kw": 0.0,
  "peak_slack_kwh": 0.0,
  "peak_cap_success_flag": true,
  "soc_initial": 0.5,
  "soc_target": 0.5,
  "soc_final": 0.5,
  "terminal_soc_abs_error": 0.0,
  "soc_delta": 0.0,
  "soc_min": 0.15,
  "soc_max": 0.85,
  "soc_violation_count": 0,
  "TES_charge_kwh_th": 16911.247853425208,
  "TES_discharge_kwh_th": 16488.704031406774,
  "TES_discharge_during_cp_kwh_th": 226.27052031690823,
  "TES_charge_during_valley_kwh_th": 7495.013748660839,
  "grid_reduction_during_cp_kwh": 31.055628913495656,
  "cp_hours": 3.0,
  "TES_charge_weighted_avg_price": 0.06689347300498415,
  "TES_discharge_weighted_avg_price": 0.12153292469351559,
  "TES_arbitrage_spread": 0.054639451688531446,
  "solver_time_avg_s": 0.00801699998555705,
  "solver_time_p95_s": 0.00801699998555705,
  "solver_status": "optimal_relaxed_modes",
  "mode_integrality": "relaxed",
  "strict_success": false,
  "fallback_reason": "",
  "mode_fractionality_max": 0.4924726727928302,
  "solver_message": "Optimization terminated successfully. (HiGHS Status 7: Optimal)",
  "max_signed_du": 0.25000000000000044,
  "signed_valve_violation_count": 0,
  "grid_balance_violation_count": 0,
  "plant_tracking_error_abs_max_kw_th": 0.0
}