{
  "scenario_id": "robust_dr_day_ahead_10_h6_mpc_tes",
  "controller_type": "mpc",
  "closed_loop_steps": 2880,
  "dt_hours": 0.25,
  "total_cost": 1311239.8610199057,
  "energy_cost": 1311239.8610199057,
  "demand_charge_cost": 0.0,
  "cold_station_proxy_total_cost": 106088.99705165652,
  "cold_station_proxy_energy_cost": 106088.99705165652,
  "cold_station_proxy_grid_import_kwh": 1417667.5603649565,
  "cold_station_proxy_pv_spill_kwh": 105648.64176576253,
  "grid_import_kwh": 14272018.918599194,
  "peak_grid_kw": 21090.0,
  "peak_slack_max_kw": 900.0,
  "peak_slack_step_count": 8,
  "pv_actual_kwh": 386724.95999999996,
  "pv_used_kwh": 386724.95999999996,
  "pv_spill_kwh": 0.0,
  "pv_spill_reduction_vs_no_tes": null,
  "tes_charge_during_pv_surplus_kwh_th": 0.0,
  "soc_headroom_before_pv_hours": 0.0,
  "pv_self_consumption_ratio": 1.0,
  "pv_load_coverage_ratio": 0.22765348259497387,
  "it_energy_kwh": 12960000.0,
  "facility_energy_kwh": 14658743.878599193,
  "cold_station_energy_kwh": 1698743.8785991939,
  "pue_avg": 1.1310759165585798,
  "pue_p95": 1.1716666666666666,
  "temp_violation_count": 10,
  "temp_violation_degree_hours": 0.09464895416896812,
  "max_temp_c": 27.077948059131916,
  "soc_min": 0.049999999999999975,
  "soc_max": 0.5,
  "soc_violation_count": 0,
  "initial_soc": 0.5,
  "final_soc_after_last_update": 0.15,
  "soc_delta": -0.35,
  "soc_inventory_delta_kwh_th": -6300.0,
  "tes_charge_kwh_th": 89750.37301728933,
  "tes_discharge_kwh_th": 77766.45638894622,
  "tes_equivalent_cycles": 4.32035868827479,
  "tes_charge_weighted_avg_price": 31.420347192230626,
  "tes_discharge_weighted_avg_price": 163.18563550541708,
  "tes_arbitrage_price_spread": 131.76528831318646,
  "charge_steps": 791,
  "discharge_steps": 475,
  "idle_steps": 1614,
  "charge_discharge_switch_count": 67,
  "first_discharge_step": 35,
  "first_discharge_timestamp": "2025-07-01 08:45:00",
  "avg_chiller_plr": 0.931499461707477,
  "avg_mode_specific_plr": 0.931499461707477,
  "weighted_avg_chiller_cop": 7.069486255791083,
  "time_in_high_plr_region": 593.5,
  "low_plr_hours": 0.0,
  "high_plr_hours": 593.5,
  "time_in_each_mode": {
    "-1": 120.0,
    "0": 26.25,
    "1": 1.25,
    "2": 572.5
  },
  "mode_switch_count": 160,
  "max_signed_du": 0.1000000000003011,
  "signed_valve_violation_count": 0,
  "physical_consistency_violation_count": 0,
  "max_chiller_supply_deficit_kw_th": 3.637978807091713e-12,
  "max_signed_valve_du": 0.1000000000003011,
  "tes_discharge_during_peak_cap_violation_kwh_th": 2060.371977167096,
  "dr_event_count": 1,
  "dr_requested_reduction_kwh": 3800.0,
  "dr_served_reduction_kwh": 2060.779999999999,
  "dr_response_rate_avg": 0.5423105263157891,
  "dr_revenue_cny": 6182.3399999999965,
  "solve_time_avg_s": 0.09363195378461771,
  "solve_time_p95_s": 0.23366411001043158,
  "optimal_rate": 1.0,
  "feasible_rate": 1.0,
  "fallback_count": 0,
  "has_nan": false
}