{
  "scenario_id": "peakcap_r0p97_eta20_mpc_tes",
  "controller_type": "mpc",
  "closed_loop_steps": 2880,
  "dt_hours": 0.25,
  "total_cost": 1328345.1945089176,
  "energy_cost": 1328345.1945089176,
  "demand_charge_cost": 0.0,
  "cold_station_proxy_total_cost": 116818.33398237615,
  "cold_station_proxy_energy_cost": 116818.33398237615,
  "cold_station_proxy_grid_import_kwh": 1400886.3478756337,
  "cold_station_proxy_pv_spill_kwh": 65577.75574217395,
  "grid_import_kwh": 14295308.592133459,
  "peak_grid_kw": 20457.30000000106,
  "peak_slack_max_kw": 9.74978320300579e-10,
  "peak_slack_step_count": 0,
  "pv_actual_kwh": 386724.95999999996,
  "pv_used_kwh": 386724.95999999996,
  "pv_spill_kwh": 0.0,
  "pv_spill_reduction_vs_no_tes": null,
  "tes_charge_during_pv_surplus_kwh_th": 0.0,
  "soc_headroom_before_pv_hours": 0.0,
  "pv_self_consumption_ratio": 1.0,
  "pv_load_coverage_ratio": 0.2245745790033412,
  "it_energy_kwh": 12960000.0,
  "facility_energy_kwh": 14682033.55213346,
  "cold_station_energy_kwh": 1722033.5521334598,
  "pue_avg": 1.132872959269557,
  "pue_p95": 1.1716666666666666,
  "temp_violation_count": 1,
  "temp_violation_degree_hours": 0.0007037242271055177,
  "max_temp_c": 27.002814896908344,
  "soc_min": 0.1464302151770216,
  "soc_max": 0.509679030387132,
  "soc_violation_count": 0,
  "initial_soc": 0.5,
  "final_soc_after_last_update": 0.37555854294858193,
  "soc_delta": -0.12444145705141807,
  "soc_inventory_delta_kwh_th": -2239.9462269255255,
  "tes_charge_kwh_th": 119766.00456921087,
  "tes_discharge_kwh_th": 99191.27422772137,
  "tes_equivalent_cycles": 5.51062634598452,
  "tes_charge_weighted_avg_price": 84.00715447694672,
  "tes_discharge_weighted_avg_price": 34.166796723947165,
  "tes_arbitrage_price_spread": -49.84035775299956,
  "charge_steps": 697,
  "discharge_steps": 369,
  "idle_steps": 1814,
  "charge_discharge_switch_count": 63,
  "first_discharge_step": 90,
  "first_discharge_timestamp": "2025-07-01 22:30:00",
  "avg_chiller_plr": 0.8556805503587883,
  "avg_mode_specific_plr": 0.8556805503587883,
  "weighted_avg_chiller_cop": 6.995458724922101,
  "time_in_high_plr_region": 655.75,
  "low_plr_hours": 0.0,
  "high_plr_hours": 655.75,
  "time_in_each_mode": {
    "-1": 58.0,
    "0": 31.75,
    "1": 0.75,
    "2": 629.5
  },
  "mode_switch_count": 169,
  "max_signed_du": 0.10000000301634634,
  "signed_valve_violation_count": 0,
  "physical_consistency_violation_count": 0,
  "max_chiller_supply_deficit_kw_th": 2.914021024480462e-08,
  "max_signed_valve_du": 0.10000000301634634,
  "tes_discharge_during_peak_cap_violation_kwh_th": 0.0,
  "dr_event_count": 0,
  "dr_requested_reduction_kwh": 0.0,
  "dr_served_reduction_kwh": 0.0,
  "dr_response_rate_avg": 0.0,
  "dr_revenue_cny": 0.0,
  "solve_time_avg_s": 1.0794012804166666,
  "solve_time_p95_s": 2.294734339999559,
  "optimal_rate": 1.0,
  "feasible_rate": 1.0,
  "fallback_count": 0,
  "has_nan": false
}