{
  "scenario_id": "chiller_tes_pv_x3",
  "controller_type": "mpc",
  "closed_loop_steps": 96,
  "dt_hours": 0.25,
  "total_cost": 2426.5821552280386,
  "energy_cost": 2426.5821552280386,
  "demand_charge_cost": 0.0,
  "grid_import_kwh": 35848.12288016993,
  "peak_grid_kw": 3090.0,
  "pv_actual_kwh": 61030.8,
  "pv_used_kwh": 31693.020000000004,
  "pv_spill_kwh": 29337.78,
  "pv_self_consumption_ratio": 0.5192955032540947,
  "pv_load_coverage_ratio": 0.4692402089823841,
  "it_energy_kwh": 432000.0,
  "facility_energy_kwh": 499541.1428801699,
  "cold_station_energy_kwh": 67541.14288016994,
  "pue_avg": 1.1563452381485415,
  "pue_p95": 1.1716666666666666,
  "temp_violation_count": 0,
  "temp_violation_degree_hours": 0.0,
  "max_temp_c": 26.41452678532831,
  "soc_min": 0.5,
  "soc_max": 0.85,
  "soc_violation_count": 0,
  "tes_charge_kwh_th": 7458.569622201672,
  "tes_discharge_kwh_th": 0.0,
  "tes_equivalent_cycles": 0.0,
  "avg_chiller_plr": 0.9928037334408573,
  "time_in_high_plr_region": 21.5,
  "solve_time_avg_s": 0.5873766979166248,
  "solve_time_p95_s": 2.0007102500094334,
  "optimal_rate": 1.0,
  "feasible_rate": 1.0,
  "fallback_count": 0,
  "has_nan": false
}