{
  "scenario_id": "dr_realtime_r0p05_mpc_tes",
  "controller_type": "mpc",
  "closed_loop_steps": 2880,
  "dt_hours": 0.25,
  "total_cost": 1303044.495951908,
  "energy_cost": 1303044.495951908,
  "demand_charge_cost": 0.0,
  "cold_station_proxy_total_cost": 101291.30735670781,
  "cold_station_proxy_energy_cost": 101291.30735670781,
  "cold_station_proxy_grid_import_kwh": 1447410.6137307743,
  "cold_station_proxy_pv_spill_kwh": 124768.79999999999,
  "grid_import_kwh": 14282641.813730773,
  "peak_grid_kw": 21090.0,
  "peak_slack_max_kw": 0.0,
  "peak_slack_step_count": 0,
  "pv_actual_kwh": 386724.95999999996,
  "pv_used_kwh": 386724.95999999996,
  "pv_spill_kwh": 0.0,
  "pv_spill_reduction_vs_no_tes": null,
  "tes_charge_during_pv_surplus_kwh_th": 0.0,
  "soc_headroom_before_pv_hours": 0.0,
  "pv_self_consumption_ratio": 1.0,
  "pv_load_coverage_ratio": 0.2262387253239715,
  "it_energy_kwh": 12960000.0,
  "facility_energy_kwh": 14669366.773730773,
  "cold_station_energy_kwh": 1709366.7737307742,
  "pue_avg": 1.1318955843928067,
  "pue_p95": 1.1716666666666666,
  "temp_violation_count": 0,
  "temp_violation_degree_hours": 7.469580509678053e-13,
  "max_temp_c": 27.00000000000003,
  "soc_min": 0.12632571092345102,
  "soc_max": 0.5350889721319829,
  "soc_violation_count": 0,
  "initial_soc": 0.5,
  "final_soc_after_last_update": 0.15587499999999999,
  "soc_delta": -0.344125,
  "soc_inventory_delta_kwh_th": -6194.25,
  "tes_charge_kwh_th": 89152.55617765298,
  "tes_discharge_kwh_th": 76399.19351151655,
  "tes_equivalent_cycles": 4.244399639528697,
  "tes_charge_weighted_avg_price": 32.42208760577201,
  "tes_discharge_weighted_avg_price": 197.26169756005422,
  "tes_arbitrage_price_spread": 164.8396099542822,
  "charge_steps": 684,
  "discharge_steps": 306,
  "idle_steps": 1890,
  "charge_discharge_switch_count": 62,
  "first_discharge_step": 74,
  "first_discharge_timestamp": "2025-07-01 18:30:00",
  "avg_chiller_plr": 0.9752587255872751,
  "avg_mode_specific_plr": 0.9752587255872751,
  "weighted_avg_chiller_cop": 7.101201400755578,
  "time_in_high_plr_region": 565.75,
  "low_plr_hours": 0.0,
  "high_plr_hours": 565.75,
  "time_in_each_mode": {
    "-1": 154.25,
    "2": 565.75
  },
  "mode_switch_count": 123,
  "max_signed_du": 0.1000000000002938,
  "signed_valve_violation_count": 0,
  "physical_consistency_violation_count": 0,
  "max_chiller_supply_deficit_kw_th": 1.8917489796876907e-10,
  "max_signed_valve_du": 0.1000000000002938,
  "tes_discharge_during_peak_cap_violation_kwh_th": 0.0,
  "dr_event_count": 1,
  "dr_requested_reduction_kwh": 1900.0,
  "dr_served_reduction_kwh": 2060.779999999999,
  "dr_response_rate_avg": 1.0846210526315783,
  "dr_revenue_cny": 0.0,
  "solve_time_avg_s": 0.09347662354163427,
  "solve_time_p95_s": 0.37819158000347664,
  "optimal_rate": 1.0,
  "feasible_rate": 1.0,
  "fallback_count": 0,
  "has_nan": false
}