{
  "case_id": "tes_mpc_v2_96step_smoke",
  "cost_total": 45832.034957761156,
  "cost_peak": 28580.27173946162,
  "cost_valley": 5531.727174356865,
  "grid_import_mwh": 495.8690708510769,
  "pv_total_mwh": 20.398573697846405,
  "pv_self_consumed_mwh": 20.398573697846405,
  "pv_self_consumption_rate_pct": 100.0,
  "pv_load_coverage_pct": 3.951162524560138,
  "pv_spill_mwh": 0.0,
  "temp_violation_count": 27,
  "temp_violation_degree_hours": 5.869294635151729,
  "tes_cycles_equiv": 2.82447236037126,
  "soc_violation_count": 0,
  "pue_avg": 1.195063992011397,
  "pue_p95": 1.2668032461848056,
  "solve_time_avg_s": 0.26676865520857973,
  "solve_time_p95_s": 0.33131857499392936,
  "optimal_rate": 1.0,
  "has_nan": false,
  "infeasible_count": 0
}