{
  "case_id": "storage_priority_neutral_tes",
  "controller": "storage_priority_neutral_tes",
  "steps": 96,
  "cost_total": 38734.118879352034,
  "energy_cost": 38734.118879352034,
  "whole_facility_energy_cost": 38734.118879352034,
  "plant_energy_cost": 499.9611353520329,
  "peak_slack_penalty_cost": 0.0,
  "objective_cost": 38734.118879352034,
  "grid_import_kwh": 419748.6715909667,
  "plant_energy_kwh": 8092.271590966722,
  "pv_used_kwh": 20343.6,
  "pv_spill_kwh": 0.0,
  "peak_grid_kw": 18948.015797911517,
  "peak_slack_max_kw": 0.0,
  "peak_slack_kwh": 0.0,
  "peak_cap_success_flag": true,
  "soc_initial": 0.5,
  "soc_target": 0.5,
  "soc_final": 0.49999999999999983,
  "terminal_soc_abs_error": 1.6653345369377348e-16,
  "soc_delta": -1.6653345369377348e-16,
  "soc_min": 0.24564647566356185,
  "soc_max": 0.8500000099999997,
  "soc_violation_count": 0,
  "TES_charge_kwh_th": 17387.85783484262,
  "TES_discharge_kwh_th": 16789.194414471807,
  "TES_discharge_during_cp_kwh_th": 0.0,
  "TES_charge_during_valley_kwh_th": 11034.21057261217,
  "grid_reduction_during_cp_kwh": 0.0,
  "cp_hours": 3.0,
  "TES_charge_weighted_avg_price": 0.057590681309699146,
  "TES_discharge_weighted_avg_price": 0.1583742397951541,
  "TES_arbitrage_spread": 0.10078355848545496,
  "solver_time_avg_s": 0.00026810000417754054,
  "solver_time_p95_s": 0.00026810000417754054,
  "solver_status": "storage_priority_neutral",
  "mode_integrality": "fixed",
  "strict_success": true,
  "fallback_reason": "",
  "mode_fractionality_max": 0.0,
  "mode_fractionality_mean": 0.0,
  "mode_fractionality_count": 0,
  "mode_fractionality_hours": 0.0,
  "solver_message": "",
  "max_signed_du": 1.0,
  "signed_valve_violation_count": 11,
  "grid_balance_violation_count": 0,
  "plant_tracking_error_abs_max_kw_th": 0.0
}