{
  "scenario_id": "tou_screen_g0p5_cp0p2_mild_mpc_tes",
  "controller_type": "mpc",
  "closed_loop_steps": 2880,
  "dt_hours": 0.25,
  "total_cost": 1243660.9666607329,
  "energy_cost": 1243660.9666607329,
  "demand_charge_cost": 0.0,
  "cold_station_proxy_total_cost": 61659.77939631097,
  "cold_station_proxy_energy_cost": 61659.77939631097,
  "cold_station_proxy_grid_import_kwh": 951997.7075849212,
  "cold_station_proxy_pv_spill_kwh": 190860.8840811532,
  "grid_import_kwh": 13721136.823503768,
  "peak_grid_kw": 21090.00000000223,
  "peak_slack_max_kw": 0.0,
  "peak_slack_step_count": 0,
  "pv_actual_kwh": 386724.95999999996,
  "pv_used_kwh": 386724.95999999996,
  "pv_spill_kwh": 0.0,
  "pv_spill_reduction_vs_no_tes": null,
  "tes_charge_during_pv_surplus_kwh_th": 0.0,
  "soc_headroom_before_pv_hours": 0.0,
  "pv_self_consumption_ratio": 1.0,
  "pv_load_coverage_ratio": 0.33690899510527217,
  "it_energy_kwh": 12960000.0,
  "facility_energy_kwh": 14107861.783503767,
  "cold_station_energy_kwh": 1147861.783503768,
  "pue_avg": 1.088569582060476,
  "pue_p95": 1.1716666666666666,
  "temp_violation_count": 1,
  "temp_violation_degree_hours": 8.641757101113257e-05,
  "max_temp_c": 27.000345670284045,
  "soc_min": 0.1467861734908186,
  "soc_max": 0.5,
  "soc_violation_count": 0,
  "initial_soc": 0.5,
  "final_soc_after_last_update": 0.1499999999999982,
  "soc_delta": -0.3500000000000018,
  "soc_inventory_delta_kwh_th": -6300.000000000033,
  "tes_charge_kwh_th": 25834.98207077899,
  "tes_discharge_kwh_th": 23612.823880071446,
  "tes_equivalent_cycles": 1.311823548892858,
  "tes_charge_weighted_avg_price": 53.17927428323593,
  "tes_discharge_weighted_avg_price": 100.8748300497853,
  "tes_arbitrage_price_spread": 47.695555766549376,
  "charge_steps": 521,
  "discharge_steps": 131,
  "idle_steps": 2228,
  "charge_discharge_switch_count": 61,
  "first_discharge_step": 74,
  "first_discharge_timestamp": "2025-07-01 18:30:00",
  "avg_chiller_plr": 0.9014569742152183,
  "avg_mode_specific_plr": 0.9014569742152183,
  "weighted_avg_chiller_cop": 7.04053562021294,
  "time_in_high_plr_region": 397.0,
  "low_plr_hours": 0.0,
  "high_plr_hours": 397.0,
  "time_in_each_mode": {
    "-1": 312.5,
    "2": 407.5
  },
  "mode_switch_count": 238,
  "max_signed_du": 0.10000000000052381,
  "signed_valve_violation_count": 0,
  "physical_consistency_violation_count": 0,
  "max_chiller_supply_deficit_kw_th": 7.09405867382884e-10,
  "max_signed_valve_du": 0.10000000000052381,
  "tes_discharge_during_peak_cap_violation_kwh_th": 0.0,
  "dr_event_count": 0,
  "dr_requested_reduction_kwh": 0.0,
  "dr_served_reduction_kwh": 0.0,
  "dr_response_rate_avg": 0.0,
  "dr_revenue_cny": 0.0,
  "solve_time_avg_s": 0.21208094131939612,
  "solve_time_p95_s": 0.5026813999931619,
  "optimal_rate": 1.0,
  "feasible_rate": 1.0,
  "fallback_count": 0,
  "has_nan": false
}