{
  "scenario_id": "tariff_low",
  "controller_type": "mpc",
  "closed_loop_steps": 96,
  "dt_hours": 0.25,
  "total_cost": 34248.449223579955,
  "grid_import_kwh": 496428.52408494917,
  "pv_actual_kwh": 20343.6,
  "pv_used_kwh": 20343.6,
  "pv_spill_kwh": 0.0,
  "pv_self_consumption_ratio": 1.0,
  "pv_load_coverage_ratio": 0.03936667450091761,
  "it_energy_kwh": 432000.0,
  "facility_energy_kwh": 516772.12408494914,
  "pue_avg": 1.19623176871516,
  "pue_p95": 1.2669172203655699,
  "temp_violation_count": 27,
  "temp_violation_degree_hours": 5.681504729242845,
  "max_temp_c": 28.73135218829891,
  "soc_min": 0.09388459002581509,
  "soc_max": 0.9499367209352513,
  "soc_violation_count": 0,
  "tes_charge_kwh_th": 54216.30307010626,
  "tes_discharge_kwh_th": 51630.44021958685,
  "tes_equivalent_cycles": 2.8683577899770474,
  "solve_time_avg_s": 0.23404254895801083,
  "solve_time_p95_s": 0.28279319999273866,
  "optimal_rate": 1.0,
  "feasible_rate": 1.0,
  "fallback_count": 0,
  "has_nan": false
}