{
  "scenario_id": "tou_screen_g0p5_cp0_mild_mpc_tes",
  "controller_type": "mpc",
  "closed_loop_steps": 2880,
  "dt_hours": 0.25,
  "total_cost": 1224830.6801477703,
  "energy_cost": 1224830.6801477703,
  "demand_charge_cost": 0.0,
  "cold_station_proxy_total_cost": 61421.32517714772,
  "cold_station_proxy_energy_cost": 61421.32517714772,
  "cold_station_proxy_grid_import_kwh": 924339.2435340295,
  "cold_station_proxy_pv_spill_kwh": 183886.23838088487,
  "grid_import_kwh": 13700453.005153144,
  "peak_grid_kw": 21090.000000000007,
  "peak_slack_max_kw": 0.0,
  "peak_slack_step_count": 0,
  "pv_actual_kwh": 386724.95999999996,
  "pv_used_kwh": 386724.95999999996,
  "pv_spill_kwh": 0.0,
  "pv_spill_reduction_vs_no_tes": null,
  "tes_charge_during_pv_surplus_kwh_th": 0.0,
  "soc_headroom_before_pv_hours": 0.0,
  "pv_self_consumption_ratio": 1.0,
  "pv_load_coverage_ratio": 0.34309130585910397,
  "it_energy_kwh": 12960000.0,
  "facility_energy_kwh": 14087177.965153143,
  "cold_station_energy_kwh": 1127177.9651531447,
  "pue_avg": 1.0869736084223105,
  "pue_p95": 1.1716666666666666,
  "temp_violation_count": 9,
  "temp_violation_degree_hours": 0.002826818973214351,
  "max_temp_c": 27.001262861304664,
  "soc_min": 0.14778261628667475,
  "soc_max": 0.5,
  "soc_violation_count": 0,
  "initial_soc": 0.5,
  "final_soc_after_last_update": 0.1534141183644125,
  "soc_delta": -0.3465858816355875,
  "soc_inventory_delta_kwh_th": -6238.545869440575,
  "tes_charge_kwh_th": 23151.20452264706,
  "tes_discharge_kwh_th": 21491.364845490658,
  "tes_equivalent_cycles": 1.19396471363837,
  "tes_charge_weighted_avg_price": 57.1966329001597,
  "tes_discharge_weighted_avg_price": 134.00048554042894,
  "tes_arbitrage_price_spread": 76.80385264026924,
  "charge_steps": 603,
  "discharge_steps": 159,
  "idle_steps": 2118,
  "charge_discharge_switch_count": 102,
  "first_discharge_step": 74,
  "first_discharge_timestamp": "2025-07-01 18:30:00",
  "avg_chiller_plr": 0.9089379892886518,
  "avg_mode_specific_plr": 0.9089379892886518,
  "weighted_avg_chiller_cop": 7.0485198229498005,
  "time_in_high_plr_region": 394.5,
  "low_plr_hours": 0.0,
  "high_plr_hours": 394.5,
  "time_in_each_mode": {
    "-1": 308.0,
    "0": 24.5,
    "2": 387.5
  },
  "mode_switch_count": 262,
  "max_signed_du": 0.10000000003677782,
  "signed_valve_violation_count": 0,
  "physical_consistency_violation_count": 0,
  "max_chiller_supply_deficit_kw_th": 1.655462256167084e-08,
  "max_signed_valve_du": 0.10000000003677782,
  "tes_discharge_during_peak_cap_violation_kwh_th": 0.0,
  "dr_event_count": 0,
  "dr_requested_reduction_kwh": 0.0,
  "dr_served_reduction_kwh": 0.0,
  "dr_response_rate_avg": 0.0,
  "dr_revenue_cny": 0.0,
  "solve_time_avg_s": 0.17075430670159525,
  "solve_time_p95_s": 0.42717448999101176,
  "optimal_rate": 1.0,
  "feasible_rate": 1.0,
  "fallback_count": 0,
  "has_nan": false
}