{
  "scenario_id": "peakcap_r0p99_eta20_mpc_tes",
  "controller_type": "mpc",
  "closed_loop_steps": 2880,
  "dt_hours": 0.25,
  "total_cost": 1307748.9905251374,
  "energy_cost": 1307748.9905251374,
  "demand_charge_cost": 0.0,
  "cold_station_proxy_total_cost": 105742.91220493741,
  "cold_station_proxy_energy_cost": 105742.91220493741,
  "cold_station_proxy_grid_import_kwh": 1440063.7656206284,
  "cold_station_proxy_pv_spill_kwh": 123236.13499999998,
  "grid_import_kwh": 14276827.630620629,
  "peak_grid_kw": 20879.100000000315,
  "peak_slack_max_kw": 2.255546860396862e-10,
  "peak_slack_step_count": 0,
  "pv_actual_kwh": 386724.95999999996,
  "pv_used_kwh": 386724.95999999996,
  "pv_spill_kwh": 0.0,
  "pv_spill_reduction_vs_no_tes": null,
  "tes_charge_during_pv_surplus_kwh_th": 0.0,
  "soc_headroom_before_pv_hours": 0.0,
  "pv_self_consumption_ratio": 1.0,
  "pv_load_coverage_ratio": 0.22701087253144947,
  "it_energy_kwh": 12960000.0,
  "facility_energy_kwh": 14663552.59062063,
  "cold_station_energy_kwh": 1703552.5906206283,
  "pue_avg": 1.1314469591528264,
  "pue_p95": 1.1716666666666666,
  "temp_violation_count": 1,
  "temp_violation_degree_hours": 0.0025720746086062007,
  "max_temp_c": 27.010288298434375,
  "soc_min": 0.1453372788670024,
  "soc_max": 0.502634732147324,
  "soc_violation_count": 0,
  "initial_soc": 0.5,
  "final_soc_after_last_update": 0.15218421081490696,
  "soc_delta": -0.34781578918509304,
  "soc_inventory_delta_kwh_th": -6260.684205331675,
  "tes_charge_kwh_th": 21527.306340980624,
  "tes_discharge_kwh_th": 20132.49377460642,
  "tes_equivalent_cycles": 1.1184718763670234,
  "tes_charge_weighted_avg_price": 55.15387881192965,
  "tes_discharge_weighted_avg_price": 143.76699320588784,
  "tes_arbitrage_price_spread": 88.6131143939582,
  "charge_steps": 278,
  "discharge_steps": 203,
  "idle_steps": 2399,
  "charge_discharge_switch_count": 98,
  "first_discharge_step": 75,
  "first_discharge_timestamp": "2025-07-01 18:45:00",
  "avg_chiller_plr": 0.9535516996701898,
  "avg_mode_specific_plr": 0.9535516996701898,
  "weighted_avg_chiller_cop": 7.084329866559844,
  "time_in_high_plr_region": 575.75,
  "low_plr_hours": 0.0,
  "high_plr_hours": 575.75,
  "time_in_each_mode": {
    "-1": 144.0,
    "0": 1.25,
    "2": 574.75
  },
  "mode_switch_count": 133,
  "max_signed_du": 0.1000000000001633,
  "signed_valve_violation_count": 0,
  "physical_consistency_violation_count": 0,
  "max_chiller_supply_deficit_kw_th": 3.9700535126030445e-07,
  "max_signed_valve_du": 0.1000000000001633,
  "tes_discharge_during_peak_cap_violation_kwh_th": 0.0,
  "dr_event_count": 0,
  "dr_requested_reduction_kwh": 0.0,
  "dr_served_reduction_kwh": 0.0,
  "dr_response_rate_avg": 0.0,
  "dr_revenue_cny": 0.0,
  "solve_time_avg_s": 0.18803546104172206,
  "solve_time_p95_s": 0.5863975099971868,
  "optimal_rate": 1.0,
  "feasible_rate": 1.0,
  "fallback_count": 0,
  "has_nan": false
}