{
  "scenario_id": "tou_full_highspread_cp20_mild_mpc_tes",
  "controller_type": "mpc",
  "closed_loop_steps": 2880,
  "dt_hours": 0.25,
  "total_cost": 1371890.2609318767,
  "energy_cost": 1371890.2609318767,
  "demand_charge_cost": 0.0,
  "cold_station_proxy_total_cost": 28169.742564021435,
  "cold_station_proxy_energy_cost": 28169.742564021435,
  "cold_station_proxy_grid_import_kwh": 960592.6708948128,
  "cold_station_proxy_pv_spill_kwh": 196702.403222783,
  "grid_import_kwh": 13723890.26767203,
  "peak_grid_kw": 21090.0,
  "peak_slack_max_kw": 0.0,
  "peak_slack_step_count": 0,
  "pv_actual_kwh": 386724.95999999996,
  "pv_used_kwh": 386724.95999999996,
  "pv_spill_kwh": 0.0,
  "pv_spill_reduction_vs_no_tes": null,
  "tes_charge_during_pv_surplus_kwh_th": 0.0,
  "soc_headroom_before_pv_hours": 0.0,
  "pv_self_consumption_ratio": 1.0,
  "pv_load_coverage_ratio": 0.3361027654591685,
  "it_energy_kwh": 12960000.0,
  "facility_energy_kwh": 14110615.22767203,
  "cold_station_energy_kwh": 1150615.2276720298,
  "pue_avg": 1.0887820391722245,
  "pue_p95": 1.1716666666666666,
  "temp_violation_count": 0,
  "temp_violation_degree_hours": 1.3589129821411916e-13,
  "max_temp_c": 27.000000000000103,
  "soc_min": 0.14999999999999994,
  "soc_max": 0.5,
  "soc_violation_count": 0,
  "initial_soc": 0.5,
  "final_soc_after_last_update": 0.15000000000000763,
  "soc_delta": -0.3499999999999924,
  "soc_inventory_delta_kwh_th": -6299.999999999863,
  "tes_charge_kwh_th": 98564.74019808658,
  "tes_discharge_kwh_th": 84377.47400643106,
  "tes_equivalent_cycles": 4.687637444801726,
  "tes_charge_weighted_avg_price": 5.804214505615364,
  "tes_discharge_weighted_avg_price": 257.22741962379393,
  "tes_arbitrage_price_spread": 251.42320511817857,
  "charge_steps": 725,
  "discharge_steps": 306,
  "idle_steps": 1849,
  "charge_discharge_switch_count": 59,
  "first_discharge_step": 79,
  "first_discharge_timestamp": "2025-07-01 19:45:00",
  "avg_chiller_plr": 0.8842822480191549,
  "avg_mode_specific_plr": 0.8842822480191549,
  "weighted_avg_chiller_cop": 7.025132150821082,
  "time_in_high_plr_region": 408.5,
  "low_plr_hours": 0.0,
  "high_plr_hours": 408.5,
  "time_in_each_mode": {
    "-1": 304.5,
    "2": 415.5
  },
  "mode_switch_count": 188,
  "max_signed_du": 0.1000000000000004,
  "signed_valve_violation_count": 0,
  "physical_consistency_violation_count": 0,
  "max_chiller_supply_deficit_kw_th": 0.0,
  "max_signed_valve_du": 0.1000000000000004,
  "tes_discharge_during_peak_cap_violation_kwh_th": 0.0,
  "dr_event_count": 0,
  "dr_requested_reduction_kwh": 0.0,
  "dr_served_reduction_kwh": 0.0,
  "dr_response_rate_avg": 0.0,
  "dr_revenue_cny": 0.0,
  "solve_time_avg_s": 0.1894128106945421,
  "solve_time_p95_s": 0.4914371399980154,
  "optimal_rate": 1.0,
  "feasible_rate": 1.0,
  "fallback_count": 0,
  "has_nan": false
}