{
  "case_id": "cap_0p99_paper_like_mpc_tes",
  "controller": "paper_like_mpc_tes",
  "steps": 96,
  "cost_total": 19357.412417282885,
  "whole_facility_energy_cost": 19357.412417282885,
  "plant_energy_cost": 405.9909472828845,
  "grid_import_kwh": 433656.5911978304,
  "plant_energy_kwh": 6742.491197830335,
  "pv_used_kwh": 5085.9,
  "pv_spill_kwh": 0.0,
  "peak_grid_kw": 18200.093471999997,
  "peak_slack_max_kw": 0.0,
  "peak_slack_kwh": 0.0,
  "soc_initial": 0.5,
  "soc_final": 0.3274286918698637,
  "soc_delta": -0.17257130813013632,
  "soc_min": 0.2714276320288332,
  "soc_max": 0.6554665166557023,
  "TES_charge_kwh_th": 12008.972650616435,
  "TES_discharge_kwh_th": 14723.35372289086,
  "TES_charge_weighted_avg_price": 0.09757145082971605,
  "TES_discharge_weighted_avg_price": 0.03820337074039528,
  "TES_arbitrage_spread": -0.05936808008932077,
  "solver_time_avg_s": 0.016195899981539696,
  "solver_time_p95_s": 0.016195899981539696,
  "solver_status": "optimal_relaxed_modes",
  "max_signed_du": 1.1773614670754624,
  "signed_valve_violation_count": 24,
  "grid_balance_violation_count": 0
}