{
  "scenario_id": "tou_screen_g1p5_cp0p2_mild_mpc_tes",
  "controller_type": "mpc",
  "closed_loop_steps": 2880,
  "dt_hours": 0.25,
  "total_cost": 1240301.852680831,
  "energy_cost": 1240301.852680831,
  "demand_charge_cost": 0.0,
  "cold_station_proxy_total_cost": 28947.91674095565,
  "cold_station_proxy_energy_cost": 28947.91674095565,
  "cold_station_proxy_grid_import_kwh": 960587.1092678283,
  "cold_station_proxy_pv_spill_kwh": 196659.833222783,
  "grid_import_kwh": 13723927.276045043,
  "peak_grid_kw": 21090.0,
  "peak_slack_max_kw": 0.0,
  "peak_slack_step_count": 0,
  "pv_actual_kwh": 386724.95999999996,
  "pv_used_kwh": 386724.95999999996,
  "pv_spill_kwh": 0.0,
  "pv_spill_reduction_vs_no_tes": null,
  "tes_charge_during_pv_surplus_kwh_th": 0.0,
  "soc_headroom_before_pv_hours": 0.0,
  "pv_self_consumption_ratio": 1.0,
  "pv_load_coverage_ratio": 0.33609195540194525,
  "it_energy_kwh": 12960000.0,
  "facility_energy_kwh": 14110652.236045048,
  "cold_station_energy_kwh": 1150652.2360450453,
  "pue_avg": 1.0887848947565624,
  "pue_p95": 1.1716666666666666,
  "temp_violation_count": 0,
  "temp_violation_degree_hours": 9.769962616701378e-15,
  "max_temp_c": 27.000000000000036,
  "soc_min": 0.1499999999997492,
  "soc_max": 0.5,
  "soc_violation_count": 0,
  "initial_soc": 0.5,
  "final_soc_after_last_update": 0.1499999999997492,
  "soc_delta": -0.3500000000002508,
  "soc_inventory_delta_kwh_th": -6300.000000004514,
  "tes_charge_kwh_th": 99042.42945429671,
  "tes_discharge_kwh_th": 84792.33800978598,
  "tes_equivalent_cycles": 4.71068544498811,
  "tes_charge_weighted_avg_price": 5.8,
  "tes_discharge_weighted_avg_price": 217.34743482055515,
  "tes_arbitrage_price_spread": 211.54743482055514,
  "charge_steps": 726,
  "discharge_steps": 317,
  "idle_steps": 1837,
  "charge_discharge_switch_count": 59,
  "first_discharge_step": 65,
  "first_discharge_timestamp": "2025-07-01 16:15:00",
  "avg_chiller_plr": 0.8841041649713527,
  "avg_mode_specific_plr": 0.8841041649713527,
  "weighted_avg_chiller_cop": 7.025099386763257,
  "time_in_high_plr_region": 409.0,
  "low_plr_hours": 0.0,
  "high_plr_hours": 409.0,
  "time_in_each_mode": {
    "-1": 304.0,
    "0": 0.75,
    "2": 415.25
  },
  "mode_switch_count": 187,
  "max_signed_du": 0.10000000000000041,
  "signed_valve_violation_count": 0,
  "physical_consistency_violation_count": 0,
  "max_chiller_supply_deficit_kw_th": 0.0,
  "max_signed_valve_du": 0.10000000000000041,
  "tes_discharge_during_peak_cap_violation_kwh_th": 0.0,
  "dr_event_count": 0,
  "dr_requested_reduction_kwh": 0.0,
  "dr_served_reduction_kwh": 0.0,
  "dr_response_rate_avg": 0.0,
  "dr_revenue_cny": 0.0,
  "solve_time_avg_s": 0.20956026638891168,
  "solve_time_p95_s": 0.5477623800063149,
  "optimal_rate": 1.0,
  "feasible_rate": 1.0,
  "fallback_count": 0,
  "has_nan": false
}