{
  "scenario_id": "tes_mpc_pv_g10",
  "controller_type": "mpc",
  "closed_loop_steps": 96,
  "dt_hours": 0.25,
  "total_cost": 45641.41554970697,
  "grid_import_kwh": 496357.2289995045,
  "pv_actual_kwh": 20343.6,
  "pv_used_kwh": 20343.6,
  "pv_spill_kwh": 0.0,
  "pv_self_consumption_ratio": 1.0,
  "pv_load_coverage_ratio": 0.039372106368382676,
  "it_energy_kwh": 432000.0,
  "facility_energy_kwh": 516700.8289995045,
  "pue_avg": 1.1960667337951494,
  "pue_p95": 1.2669172203655688,
  "temp_violation_count": 27,
  "temp_violation_degree_hours": 5.682198023320379,
  "max_temp_c": 28.737986234337694,
  "soc_min": 0.049999999999999975,
  "soc_max": 0.95,
  "soc_violation_count": 0,
  "tes_charge_kwh_th": 53370.51451018648,
  "tes_discharge_kwh_th": 51173.657416118076,
  "tes_equivalent_cycles": 2.842980967562115,
  "solve_time_avg_s": 0.2657346854178589,
  "solve_time_p95_s": 0.34893065000505885,
  "optimal_rate": 1.0,
  "feasible_rate": 1.0,
  "fallback_count": 0,
  "has_nan": false
}