{
  "scenario_id": "peakcap_r0p99_eta5_mpc_tes",
  "controller_type": "mpc",
  "closed_loop_steps": 2880,
  "dt_hours": 0.25,
  "total_cost": 1307757.627418999,
  "energy_cost": 1307757.627418999,
  "demand_charge_cost": 0.0,
  "cold_station_proxy_total_cost": 105852.56869879924,
  "cold_station_proxy_energy_cost": 105852.56869879924,
  "cold_station_proxy_grid_import_kwh": 1440553.3636331577,
  "cold_station_proxy_pv_spill_kwh": 123848.37499999999,
  "grid_import_kwh": 14276704.98863316,
  "peak_grid_kw": 20879.100000000315,
  "peak_slack_max_kw": 2.255546860396862e-10,
  "peak_slack_step_count": 0,
  "pv_actual_kwh": 386724.95999999996,
  "pv_used_kwh": 386724.95999999996,
  "pv_spill_kwh": 0.0,
  "pv_spill_reduction_vs_no_tes": null,
  "tes_charge_during_pv_surplus_kwh_th": 0.0,
  "soc_headroom_before_pv_hours": 0.0,
  "pv_self_consumption_ratio": 1.0,
  "pv_load_coverage_ratio": 0.2270272166520909,
  "it_energy_kwh": 12960000.0,
  "facility_energy_kwh": 14663429.948633157,
  "cold_station_energy_kwh": 1703429.9486331576,
  "pue_avg": 1.131437496036509,
  "pue_p95": 1.1716666666666666,
  "temp_violation_count": 0,
  "temp_violation_degree_hours": 4.3520742565306136e-14,
  "max_temp_c": 27.00000000000005,
  "soc_min": 0.12935781687311412,
  "soc_max": 0.502634732147324,
  "soc_violation_count": 0,
  "initial_soc": 0.5,
  "final_soc_after_last_update": 0.15218421081490677,
  "soc_delta": -0.34781578918509326,
  "soc_inventory_delta_kwh_th": -6260.684205331679,
  "tes_charge_kwh_th": 21374.678822624155,
  "tes_discharge_kwh_th": 20038.035249928318,
  "tes_equivalent_cycles": 1.1132241805515732,
  "tes_charge_weighted_avg_price": 55.81527148216169,
  "tes_discharge_weighted_avg_price": 143.78643771557398,
  "tes_arbitrage_price_spread": 87.97116623341229,
  "charge_steps": 275,
  "discharge_steps": 206,
  "idle_steps": 2399,
  "charge_discharge_switch_count": 106,
  "first_discharge_step": 75,
  "first_discharge_timestamp": "2025-07-01 18:45:00",
  "avg_chiller_plr": 0.9536893988055415,
  "avg_mode_specific_plr": 0.9536893988055415,
  "weighted_avg_chiller_cop": 7.084405956669716,
  "time_in_high_plr_region": 575.25,
  "low_plr_hours": 0.0,
  "high_plr_hours": 575.25,
  "time_in_each_mode": {
    "-1": 144.25,
    "0": 1.0,
    "2": 574.75
  },
  "mode_switch_count": 131,
  "max_signed_du": 0.10000000000058754,
  "signed_valve_violation_count": 0,
  "physical_consistency_violation_count": 0,
  "max_chiller_supply_deficit_kw_th": 3.2778189051896334e-08,
  "max_signed_valve_du": 0.10000000000058754,
  "tes_discharge_during_peak_cap_violation_kwh_th": 0.0,
  "dr_event_count": 0,
  "dr_requested_reduction_kwh": 0.0,
  "dr_served_reduction_kwh": 0.0,
  "dr_response_rate_avg": 0.0,
  "dr_revenue_cny": 0.0,
  "solve_time_avg_s": 0.18813621190966942,
  "solve_time_p95_s": 0.5894499600020933,
  "optimal_rate": 1.0,
  "feasible_rate": 1.0,
  "fallback_count": 0,
  "has_nan": false
}