{
  "case_id": "storage_priority_neutral_tes",
  "controller": "storage_priority_neutral_tes",
  "steps": 96,
  "cost_total": 19188.838898842045,
  "whole_facility_energy_cost": 19188.838898842045,
  "plant_energy_cost": 237.41742884204336,
  "grid_import_kwh": 435100.90789110493,
  "plant_energy_kwh": 8186.807891104943,
  "pv_used_kwh": 5085.9,
  "pv_spill_kwh": 0.0,
  "peak_grid_kw": 18937.4920898362,
  "peak_slack_max_kw": 0.0,
  "peak_slack_kwh": 0.0,
  "soc_initial": 0.5,
  "soc_target": 0.5,
  "soc_final": 0.5000000000000004,
  "terminal_soc_abs_error": 4.440892098500626e-16,
  "soc_delta": 4.440892098500626e-16,
  "soc_min": 0.4607854827588313,
  "soc_max": 0.7465744445514622,
  "soc_violation_count": 0,
  "TES_charge_kwh_th": 13875.379968740843,
  "TES_discharge_kwh_th": 13419.285594892084,
  "TES_charge_weighted_avg_price": 0.029000000000000005,
  "TES_discharge_weighted_avg_price": 0.09200100993517436,
  "TES_arbitrage_spread": 0.06300100993517435,
  "solver_time_avg_s": 0.0002725000085774809,
  "solver_time_p95_s": 0.0002725000085774809,
  "solver_status": "storage_priority_neutral",
  "mode_integrality": "fixed",
  "strict_success": true,
  "fallback_reason": "",
  "mode_fractionality_max": 0.0,
  "solver_message": "",
  "max_signed_du": 1.3446854139750313,
  "signed_valve_violation_count": 52,
  "grid_balance_violation_count": 0
}