{
  "scenario_id": "robust_base_cp20_soc0p2_mpc_tes",
  "controller_type": "mpc",
  "closed_loop_steps": 2880,
  "dt_hours": 0.25,
  "total_cost": 1303089.7812318336,
  "energy_cost": 1303089.7812318336,
  "demand_charge_cost": 0.0,
  "cold_station_proxy_total_cost": 101326.56393663364,
  "cold_station_proxy_energy_cost": 101326.56393663364,
  "cold_station_proxy_grid_import_kwh": 1448107.2443791563,
  "cold_station_proxy_pv_spill_kwh": 124708.01999999999,
  "grid_import_kwh": 14283399.224379156,
  "peak_grid_kw": 21090.0,
  "peak_slack_max_kw": 0.0,
  "peak_slack_step_count": 0,
  "pv_actual_kwh": 386724.95999999996,
  "pv_used_kwh": 386724.95999999996,
  "pv_spill_kwh": 0.0,
  "pv_spill_reduction_vs_no_tes": null,
  "tes_charge_during_pv_surplus_kwh_th": 0.0,
  "soc_headroom_before_pv_hours": 0.0,
  "pv_self_consumption_ratio": 1.0,
  "pv_load_coverage_ratio": 0.2261385246360905,
  "it_energy_kwh": 12960000.0,
  "facility_energy_kwh": 14670124.184379157,
  "cold_station_energy_kwh": 1710124.1843791562,
  "pue_avg": 1.1319540265724657,
  "pue_p95": 1.1716666666666666,
  "temp_violation_count": 0,
  "temp_violation_degree_hours": 5.409006575973763e-13,
  "max_temp_c": 27.00000000000002,
  "soc_min": 0.1499999999999507,
  "soc_max": 0.3028826219808944,
  "soc_violation_count": 0,
  "initial_soc": 0.2,
  "final_soc_after_last_update": 0.15587499999999999,
  "soc_delta": -0.044125000000000025,
  "soc_inventory_delta_kwh_th": -794.2500000000005,
  "tes_charge_kwh_th": 88642.77866701604,
  "tes_discharge_kwh_th": 71196.5527584189,
  "tes_equivalent_cycles": 3.955364042134383,
  "tes_charge_weighted_avg_price": 31.26598002653834,
  "tes_discharge_weighted_avg_price": 198.2945292431465,
  "tes_arbitrage_price_spread": 167.02854921660818,
  "charge_steps": 768,
  "discharge_steps": 269,
  "idle_steps": 1843,
  "charge_discharge_switch_count": 60,
  "first_discharge_step": 78,
  "first_discharge_timestamp": "2025-07-01 19:30:00",
  "avg_chiller_plr": 0.9752600362402142,
  "avg_mode_specific_plr": 0.9752600362402142,
  "weighted_avg_chiller_cop": 7.101202405176137,
  "time_in_high_plr_region": 566.0,
  "low_plr_hours": 0.0,
  "high_plr_hours": 566.0,
  "time_in_each_mode": {
    "-1": 154.0,
    "2": 566.0
  },
  "mode_switch_count": 123,
  "max_signed_du": 0.10000000000010512,
  "signed_valve_violation_count": 0,
  "physical_consistency_violation_count": 0,
  "max_chiller_supply_deficit_kw_th": 3.637978807091713e-12,
  "max_signed_valve_du": 0.10000000000010512,
  "tes_discharge_during_peak_cap_violation_kwh_th": 0.0,
  "dr_event_count": 0,
  "dr_requested_reduction_kwh": 0.0,
  "dr_served_reduction_kwh": 0.0,
  "dr_response_rate_avg": 0.0,
  "dr_revenue_cny": 0.0,
  "solve_time_avg_s": 0.10203930340282265,
  "solve_time_p95_s": 0.3777608299875279,
  "optimal_rate": 1.0,
  "feasible_rate": 1.0,
  "fallback_count": 0,
  "has_nan": false
}