{
  "seed": "m2f1_rlcost_30ep_seed1_stochastic_20260428",
  "reward_cls": "rl_cost",
  "checkpoint": "runs\\run\\run-051\\m2_f1_rlcost_30ep_seed1.zip",
  "steps": 35040,
  "total_reward": -54287.20622870872,
  "total_facility_MWh": 159087.86363950002,
  "total_ite_MWh": 131396.42416670002,
  "energy_unit_detected": "MWh",
  "pue": 1.2107472836374027,
  "comfort_violation_pct": 0.07419879569646985,
  "mean_temperature_C": 21.3297046672184,
  "max_temperature_C": 41.103035,
  "p95_temperature_C": 23.980135,
  "cost_usd_annual": 14190202.1319297,
  "pv_self_consumption_pct": 4.490192863603439,
  "tes_annual_cycles_rough": 8280.218694232506,
  "tes_soc_daily_amplitude_mean": 0.05365089211780822,
  "tes_activated": false,
  "valve_mean_abs": 0.9449353827671042,
  "valve_active_fraction": 0.9711480836734111,
  "valve_saturation_fraction": 0.8757455552067578,
  "charge_fraction": 0.9668673839216917,
  "discharge_fraction": 0.004280699751719415,
  "price_low_valve_mean": -0.9624816522898563,
  "price_high_valve_mean": -0.9165843519687585,
  "price_response_high_minus_low": 0.045897300321097734,
  "pv_low_valve_mean": -0.9605874952650562,
  "pv_high_valve_mean": -0.8930934558866385,
  "pv_response_high_minus_low": 0.06749403937841769,
  "monitor_csv": "C:\\Users\\18430\\Desktop\\\u6bd5\u4e1a\u8bbe\u8ba1\u4ee3\u7801\\AI-Data-Center-Analysis_migration_bundle_20260311\\runs\\eval\\run-017\\episode-001\\monitor.csv",
  "elapsed_seconds": 55.651336699999774,
  "eval_policy": "stochastic_predict_deterministic_false",
  "eval_seed": 20260429,
  "monitor_summary": {
    "monitor_csv": "C:\\Users\\18430\\Desktop\\\u6bd5\u4e1a\u8bbe\u8ba1\u4ee3\u7801\\AI-Data-Center-Analysis_migration_bundle_20260311\\runs\\eval\\run-017\\episode-001\\monitor.csv",
    "rows": 35041,
    "action_summary": {
      "CRAH_Fan_DRL": {
        "mean": 0.9999334150405251,
        "std": 8.181296030302905e-05,
        "min": 0.99828863,
        "max": 0.9999997,
        "near_low_frac": 0.0,
        "near_high_frac": 0.9999714620016552,
        "abs_gt_0_95_frac": 0.9999714620016552,
        "nan_count": 1
      },
      "CT_Pump_DRL": {
        "mean": 0.013071950068844177,
        "std": 0.021554501187876586,
        "min": 9.217858e-05,
        "max": 0.42789477,
        "near_low_frac": 0.0,
        "near_high_frac": 0.0,
        "abs_gt_0_95_frac": 0.0,
        "nan_count": 1
      },
      "CRAH_T_DRL": {
        "mean": 0.0,
        "std": 0.0,
        "min": 0.0,
        "max": 0.0,
        "near_low_frac": 0.0,
        "near_high_frac": 0.0,
        "abs_gt_0_95_frac": 0.0,
        "nan_count": 1
      },
      "Chiller_T_DRL": {
        "mean": 0.8583098209605022,
        "std": 0.14720739048833326,
        "min": 0.04572785,
        "max": 0.99976194,
        "near_low_frac": 0.0,
        "near_high_frac": 0.3289289689221198,
        "abs_gt_0_95_frac": 0.3289289689221198,
        "nan_count": 1
      },
      "TES_DRL": {
        "mean": -0.9410293063399399,
        "std": 0.2058824217508743,
        "min": -0.9999999,
        "max": 0.9612138,
        "near_low_frac": 0.875717017208413,
        "near_high_frac": 2.8537998344796096e-05,
        "abs_gt_0_95_frac": 0.8757455552067578,
        "nan_count": 1
      },
      "tes_valve_target": {
        "mean": -0.9670993091104741,
        "std": 0.145155144426476,
        "min": -0.9999998807907104,
        "max": 0.9636746644973756,
        "near_low_frac": 0.9033417996061757,
        "near_high_frac": 0.00014268999172398049,
        "abs_gt_0_95_frac": 0.9034844895978996,
        "nan_count": 0
      },
      "tes_valve_position": {
        "mean": -0.9410024512331561,
        "std": 0.20594084908692759,
        "min": -0.9999998807907104,
        "max": 0.9612138271331788,
        "near_low_frac": 0.875717017208413,
        "near_high_frac": 2.8537998344796096e-05,
        "abs_gt_0_95_frac": 0.8757455552067578,
        "nan_count": 0
      },
      "TES_valve_wrapper_position": {
        "mean": -0.9410024512471532,
        "std": 0.2059408490911207,
        "min": -0.9999999,
        "max": 0.9612138,
        "near_low_frac": 0.875717017208413,
        "near_high_frac": 2.8537998344796096e-05,
        "abs_gt_0_95_frac": 0.8757455552067578,
        "nan_count": 0
      }
    },
    "abnormal_summary": {
      "any_action_nan": true,
      "hvac_nan_count": 4,
      "hvac_near_bounds_fraction": {
        "CRAH_Fan_DRL": 0.9999714620016552,
        "CT_Pump_DRL": 0.0,
        "CRAH_T_DRL": 0.0,
        "Chiller_T_DRL": 0.3289289689221198
      },
      "tes_guard_clipped_fraction": 0.027881624382865785,
      "tes_action_mode_counts": {
        "target_rate_limited": 35041
      },
      "air_temperature_max": 41.103035,
      "air_temperature_gt_25_fraction": 0.0007419879569646985,
      "air_temperature_gt_35_count": 2
    }
  },
  "deterministic_result_path": "runs\\eval_m2\\m2f1_rlcost_30ep_seed1\\result.json",
  "deterministic_compare": {
    "price_response_high_minus_low": {
      "deterministic": 0.04522964210904423,
      "stochastic": 0.045897300321097734,
      "delta_stochastic_minus_det": 0.0006676582120535013
    },
    "tes_soc_daily_amplitude_mean": {
      "deterministic": 0.04292360907205479,
      "stochastic": 0.05365089211780822,
      "delta_stochastic_minus_det": 0.010727283045753433
    },
    "valve_saturation_fraction": {
      "deterministic": 0.876544619160412,
      "stochastic": 0.8757455552067578,
      "delta_stochastic_minus_det": -0.0007990639536542554
    },
    "comfort_violation_pct": {
      "deterministic": 0.0599297965240718,
      "stochastic": 0.07419879569646985,
      "delta_stochastic_minus_det": 0.014268999172398052
    },
    "price_low_valve_mean": {
      "deterministic": -0.9634237943081195,
      "stochastic": -0.9624816522898563,
      "delta_stochastic_minus_det": 0.0009421420182632589
    },
    "price_high_valve_mean": {
      "deterministic": -0.9181941521990753,
      "stochastic": -0.9165843519687585,
      "delta_stochastic_minus_det": 0.0016098002303167602
    }
  }
}