{
  "seed": "m2f1_rlcost_30ep_seed3_stochastic_20260428",
  "reward_cls": "rl_cost",
  "checkpoint": "runs\\run\\run-053\\m2_f1_rlcost_30ep_seed3.zip",
  "steps": 35040,
  "total_reward": -53921.349763378676,
  "total_facility_MWh": 159151.6111506,
  "total_ite_MWh": 131394.1853444,
  "energy_unit_detected": "MWh",
  "pue": 1.211253075875804,
  "comfort_violation_pct": 0.019976598841357267,
  "mean_temperature_C": 21.318719161724836,
  "max_temperature_C": 41.103035,
  "p95_temperature_C": 23.956575,
  "cost_usd_annual": 14199339.2584419,
  "pv_self_consumption_pct": 4.488394335663042,
  "tes_annual_cycles_rough": 8759.344488302013,
  "tes_soc_daily_amplitude_mean": 0.0006051237260273988,
  "tes_activated": false,
  "valve_mean_abs": 0.9996110308829657,
  "valve_active_fraction": 0.9999429240033104,
  "valve_saturation_fraction": 0.9989440940612425,
  "charge_fraction": 0.9999143860049656,
  "discharge_fraction": 2.8537998344796096e-05,
  "price_low_valve_mean": -0.999604748872993,
  "price_high_valve_mean": -0.9992833804991439,
  "price_response_high_minus_low": 0.0003213683738491069,
  "pv_low_valve_mean": -0.9995617269255519,
  "pv_high_valve_mean": -0.9995450121166135,
  "pv_response_high_minus_low": 1.6714808938389503e-05,
  "monitor_csv": "C:\\Users\\18430\\Desktop\\\u6bd5\u4e1a\u8bbe\u8ba1\u4ee3\u7801\\AI-Data-Center-Analysis_migration_bundle_20260311\\runs\\eval\\run-018\\episode-001\\monitor.csv",
  "elapsed_seconds": 54.702449700000216,
  "eval_policy": "stochastic_predict_deterministic_false",
  "eval_seed": 20260431,
  "monitor_summary": {
    "monitor_csv": "C:\\Users\\18430\\Desktop\\\u6bd5\u4e1a\u8bbe\u8ba1\u4ee3\u7801\\AI-Data-Center-Analysis_migration_bundle_20260311\\runs\\eval\\run-018\\episode-001\\monitor.csv",
    "rows": 35041,
    "action_summary": {
      "CRAH_Fan_DRL": {
        "mean": 0.940649802790525,
        "std": 0.07340148698111751,
        "min": 0.15331385,
        "max": 0.99977446,
        "near_low_frac": 0.0,
        "near_high_frac": 0.6298050854713051,
        "abs_gt_0_95_frac": 0.6298050854713051,
        "nan_count": 1
      },
      "CT_Pump_DRL": {
        "mean": 4.233902946289955e-09,
        "std": 1.1539034043491187e-08,
        "min": 0.0,
        "max": 2.0861626e-07,
        "near_low_frac": 0.0,
        "near_high_frac": 0.0,
        "abs_gt_0_95_frac": 0.0,
        "nan_count": 1
      },
      "CRAH_T_DRL": {
        "mean": 4.771331405259704e-07,
        "std": 1.550333026097993e-06,
        "min": 0.0,
        "max": 4.6223402e-05,
        "near_low_frac": 0.0,
        "near_high_frac": 0.0,
        "abs_gt_0_95_frac": 0.0,
        "nan_count": 1
      },
      "Chiller_T_DRL": {
        "mean": 0.9315544784057362,
        "std": 0.12374492195702719,
        "min": 0.009302527,
        "max": 0.99999595,
        "near_low_frac": 0.0,
        "near_high_frac": 0.690562483947376,
        "abs_gt_0_95_frac": 0.690562483947376,
        "nan_count": 1
      },
      "TES_DRL": {
        "mean": -0.9996252891886416,
        "std": 0.010482098303344406,
        "min": -1.0,
        "max": 0.25,
        "near_low_frac": 0.9989440940612425,
        "near_high_frac": 0.0,
        "abs_gt_0_95_frac": 0.9989440940612425,
        "nan_count": 1
      },
      "tes_valve_target": {
        "mean": -0.9996447141051908,
        "std": 0.011501474202170986,
        "min": -1.0,
        "max": 0.7795437574386597,
        "near_low_frac": 0.9990297080562769,
        "near_high_frac": 0.0,
        "abs_gt_0_95_frac": 0.9990297080562769,
        "nan_count": 0
      },
      "tes_valve_position": {
        "mean": -0.999596761866542,
        "std": 0.011763837132083102,
        "min": -1.0,
        "max": 0.25,
        "near_low_frac": 0.9989440940612425,
        "near_high_frac": 0.0,
        "abs_gt_0_95_frac": 0.9989440940612425,
        "nan_count": 0
      },
      "TES_valve_wrapper_position": {
        "mean": -0.9995967618837932,
        "std": 0.01176383715099852,
        "min": -1.0,
        "max": 0.25,
        "near_low_frac": 0.9989440940612425,
        "near_high_frac": 0.0,
        "abs_gt_0_95_frac": 0.9989440940612425,
        "nan_count": 0
      }
    },
    "abnormal_summary": {
      "any_action_nan": true,
      "hvac_nan_count": 4,
      "hvac_near_bounds_fraction": {
        "CRAH_Fan_DRL": 0.6298050854713051,
        "CT_Pump_DRL": 0.0,
        "CRAH_T_DRL": 0.0,
        "Chiller_T_DRL": 0.690562483947376
      },
      "tes_guard_clipped_fraction": 2.8537998344796096e-05,
      "tes_action_mode_counts": {
        "target_rate_limited": 35041
      },
      "air_temperature_max": 41.103035,
      "air_temperature_gt_25_fraction": 0.00019976598841357266,
      "air_temperature_gt_35_count": 2
    }
  },
  "deterministic_result_path": "runs\\eval_m2\\m2f1_rlcost_30ep_seed3\\result.json",
  "deterministic_compare": {
    "price_response_high_minus_low": {
      "deterministic": 0.0003133202949371361,
      "stochastic": 0.0003213683738491069,
      "delta_stochastic_minus_det": 8.04807891197079e-06
    },
    "tes_soc_daily_amplitude_mean": {
      "deterministic": 0.0006051377260273993,
      "stochastic": 0.0006051237260273988,
      "delta_stochastic_minus_det": -1.4000000000437274e-08
    },
    "valve_saturation_fraction": {
      "deterministic": 0.9989440940612425,
      "stochastic": 0.9989440940612425,
      "delta_stochastic_minus_det": 0.0
    },
    "comfort_violation_pct": {
      "deterministic": 0.019976598841357267,
      "stochastic": 0.019976598841357267,
      "delta_stochastic_minus_det": 0.0
    },
    "price_low_valve_mean": {
      "deterministic": -0.9996046532752454,
      "stochastic": -0.999604748872993,
      "delta_stochastic_minus_det": -9.559774760692363e-08
    },
    "price_high_valve_mean": {
      "deterministic": -0.9992913329803083,
      "stochastic": -0.9992833804991439,
      "delta_stochastic_minus_det": 7.952481164363867e-06
    }
  }
}