{
  "scenario_id": "mild_week",
  "controller_type": "mpc",
  "closed_loop_steps": 96,
  "dt_hours": 0.25,
  "total_cost": 44929.83269157085,
  "grid_import_kwh": 489135.3194738374,
  "pv_actual_kwh": 20343.6,
  "pv_used_kwh": 20343.6,
  "pv_spill_kwh": 0.0,
  "pv_self_consumption_ratio": 1.0,
  "pv_load_coverage_ratio": 0.03993020951879576,
  "it_energy_kwh": 432000.0,
  "facility_energy_kwh": 509478.91947383736,
  "pue_avg": 1.1793493506338828,
  "pue_p95": 1.2473461008759803,
  "temp_violation_count": 2,
  "temp_violation_degree_hours": 0.027754434334891442,
  "max_temp_c": 27.075185929327162,
  "soc_min": 0.11107855863333474,
  "soc_max": 0.95,
  "soc_violation_count": 0,
  "tes_charge_kwh_th": 53055.68951220066,
  "tes_discharge_kwh_th": 52420.48870023672,
  "tes_equivalent_cycles": 2.9122493722353733,
  "solve_time_avg_s": 0.7095346562497676,
  "solve_time_p95_s": 1.9405123250107863,
  "optimal_rate": 1.0,
  "feasible_rate": 1.0,
  "fallback_count": 0,
  "has_nan": false
}