{
  "closed_loop_steps": 96,
  "controller_mode": "rbc",
  "total_cost": 38690.28386558191,
  "energy_cost": 38690.28386558191,
  "grid_import_kwh": 420993.42328931706,
  "peak_grid_kw": 19280.76923076923,
  "pv_actual_kwh": 20343.6,
  "pv_spill_kwh": 0.0,
  "pv_used_kwh": 20343.6,
  "facility_energy_kwh": 441337.02328931703,
  "cold_station_energy_kwh": 9337.023289317034,
  "it_energy_kwh": 432000.0,
  "pue_avg": 1.021613479836382,
  "initial_soc": 0.5,
  "final_soc_after_last_update": 0.14947218268868664,
  "soc_delta": -0.35052781731131333,
  "soc_inventory_delta_kwh_th": -6309.5007116036395,
  "soc_min": 0.14947218268868664,
  "soc_max": 0.8496038961768932,
  "soc_violation_count": 0,
  "tes_charge_kwh_th": 14652.249467418766,
  "tes_discharge_kwh_th": 17939.72836297019,
  "tes_charge_weighted_avg_price": 0.045914245498507984,
  "tes_discharge_weighted_avg_price": 0.17041269478956414,
  "tes_arbitrage_price_spread": 0.12449844929105616,
  "charge_steps": 51,
  "discharge_steps": 34,
  "idle_steps": 11,
  "charge_discharge_switch_count": 5,
  "simultaneous_charge_discharge_count": 0,
  "physical_consistency_violation_count": 0,
  "max_chiller_supply_deficit_kw_th": 0.0,
  "optimal_rate": 1.0,
  "feasible_rate": 1.0,
  "fallback_count": 0,
  "unsupported_advanced_features": "true",
  "case_id": "smoke_rbc",
  "config_path": "mpc_v2/config/base.yaml"
}