{
  "case_id": "strict_cap_1p0_paper_like_mpc_tes",
  "controller": "paper_like_mpc_tes",
  "steps": 96,
  "cost_total": 38808.08377410196,
  "energy_cost": 38808.08377410196,
  "whole_facility_energy_cost": 38808.08377410196,
  "plant_energy_cost": 573.9260301019509,
  "peak_slack_penalty_cost": 0.0,
  "objective_cost": 38808.08377410195,
  "grid_import_kwh": 419877.36549333227,
  "plant_energy_kwh": 8220.96549333228,
  "pv_used_kwh": 20343.6,
  "pv_spill_kwh": 0.0,
  "peak_grid_kw": 18383.9328,
  "peak_slack_max_kw": 0.0,
  "peak_slack_kwh": 0.0,
  "peak_cap_success_flag": true,
  "soc_initial": 0.5,
  "soc_target": 0.5,
  "soc_final": 0.5,
  "terminal_soc_abs_error": 0.0,
  "soc_delta": 0.0,
  "soc_min": 0.46193598566728206,
  "soc_max": 0.850000000000001,
  "soc_violation_count": 0,
  "TES_charge_kwh_th": 15831.986931524096,
  "TES_discharge_kwh_th": 15283.37190507747,
  "TES_discharge_during_cp_kwh_th": 226.27052031690823,
  "TES_charge_during_valley_kwh_th": 9805.375067551664,
  "grid_reduction_during_cp_kwh": 37.23965810302107,
  "cp_hours": 3.0,
  "TES_charge_weighted_avg_price": 0.059999098327182254,
  "TES_discharge_weighted_avg_price": 0.14615188251264963,
  "TES_arbitrage_spread": 0.08615278418546737,
  "solver_time_avg_s": 0.974919400003273,
  "solver_time_p95_s": 0.974919400003273,
  "solver_status": "optimal",
  "mode_integrality": "strict",
  "strict_success": true,
  "fallback_reason": "",
  "mode_fractionality_max": 8.304468224196171e-14,
  "solver_message": "Optimization terminated successfully. (HiGHS Status 7: Optimal)",
  "max_signed_du": 0.25000000000003114,
  "signed_valve_violation_count": 0,
  "grid_balance_violation_count": 0,
  "plant_tracking_error_abs_max_kw_th": 0.0
}