{
  "scenario_id": "chiller_rbc_base",
  "controller_type": "rbc",
  "closed_loop_steps": 96,
  "dt_hours": 0.25,
  "total_cost": 3973.2433089532306,
  "energy_cost": 3973.2433089532306,
  "demand_charge_cost": 0.0,
  "grid_import_kwh": 33907.682323321984,
  "peak_grid_kw": 3090.0,
  "pv_actual_kwh": 20343.6,
  "pv_used_kwh": 18601.57274320937,
  "pv_spill_kwh": 1742.0272567906277,
  "pv_self_consumption_ratio": 0.9143697646045622,
  "pv_load_coverage_ratio": 0.35425322106817975,
  "it_energy_kwh": 432000.0,
  "facility_energy_kwh": 484509.25506653136,
  "cold_station_energy_kwh": 52509.255066531354,
  "pue_avg": 1.1215492015428967,
  "pue_p95": 1.1716666666666666,
  "temp_violation_count": 0,
  "temp_violation_degree_hours": 0.0,
  "max_temp_c": 26.5,
  "soc_min": 0.14848293384932076,
  "soc_max": 0.8495899267928225,
  "soc_violation_count": 0,
  "tes_charge_kwh_th": 8054.70162758983,
  "tes_discharge_kwh_th": 12395.647422370981,
  "tes_equivalent_cycles": 0.6886470790206101,
  "avg_chiller_plr": 0.6940680969790379,
  "time_in_high_plr_region": 13.5,
  "solve_time_avg_s": 0.0,
  "solve_time_p95_s": 0.0,
  "optimal_rate": 1.0,
  "feasible_rate": 1.0,
  "fallback_count": 0,
  "has_nan": false
}