{
  "scenario_id": "robust_base_cp20_soc0p5_mpc_tes",
  "controller_type": "mpc",
  "closed_loop_steps": 2880,
  "dt_hours": 0.25,
  "total_cost": 1302462.3174966183,
  "energy_cost": 1302462.3174966183,
  "demand_charge_cost": 0.0,
  "cold_station_proxy_total_cost": 100702.46125141816,
  "cold_station_proxy_energy_cost": 100702.46125141816,
  "cold_station_proxy_grid_import_kwh": 1448562.7478577103,
  "cold_station_proxy_pv_spill_kwh": 124728.39,
  "grid_import_kwh": 14283834.357857712,
  "peak_grid_kw": 21090.0,
  "peak_slack_max_kw": 0.0,
  "peak_slack_step_count": 0,
  "pv_actual_kwh": 386724.95999999996,
  "pv_used_kwh": 386724.95999999996,
  "pv_spill_kwh": 0.0,
  "pv_spill_reduction_vs_no_tes": null,
  "tes_charge_during_pv_surplus_kwh_th": 0.0,
  "soc_headroom_before_pv_hours": 0.0,
  "pv_self_consumption_ratio": 1.0,
  "pv_load_coverage_ratio": 0.226080999333207,
  "it_energy_kwh": 12960000.0,
  "facility_energy_kwh": 14670559.31785771,
  "cold_station_energy_kwh": 1710559.3178577102,
  "pue_avg": 1.1319876016865518,
  "pue_p95": 1.1716666666666666,
  "temp_violation_count": 0,
  "temp_violation_degree_hours": 4.636291350834654e-13,
  "max_temp_c": 27.000000000000025,
  "soc_min": 0.14999999999994182,
  "soc_max": 0.5264249994523035,
  "soc_violation_count": 0,
  "initial_soc": 0.5,
  "final_soc_after_last_update": 0.15587499999999999,
  "soc_delta": -0.344125,
  "soc_inventory_delta_kwh_th": -6194.25,
  "tes_charge_kwh_th": 104242.66676916265,
  "tes_discharge_kwh_th": 88853.45492847421,
  "tes_equivalent_cycles": 4.9363030515819,
  "tes_charge_weighted_avg_price": 30.926876702038957,
  "tes_discharge_weighted_avg_price": 197.3819978066718,
  "tes_arbitrage_price_spread": 166.45512110463284,
  "charge_steps": 622,
  "discharge_steps": 333,
  "idle_steps": 1925,
  "charge_discharge_switch_count": 60,
  "first_discharge_step": 74,
  "first_discharge_timestamp": "2025-07-01 18:30:00",
  "avg_chiller_plr": 0.9760191510826401,
  "avg_mode_specific_plr": 0.9760191510826401,
  "weighted_avg_chiller_cop": 7.1017837482328074,
  "time_in_high_plr_region": 565.75,
  "low_plr_hours": 0.0,
  "high_plr_hours": 565.75,
  "time_in_each_mode": {
    "-1": 154.25,
    "2": 565.75
  },
  "mode_switch_count": 123,
  "max_signed_du": 0.1000000000017609,
  "signed_valve_violation_count": 0,
  "physical_consistency_violation_count": 0,
  "max_chiller_supply_deficit_kw_th": 3.637978807091713e-12,
  "max_signed_valve_du": 0.1000000000017609,
  "tes_discharge_during_peak_cap_violation_kwh_th": 0.0,
  "dr_event_count": 0,
  "dr_requested_reduction_kwh": 0.0,
  "dr_served_reduction_kwh": 0.0,
  "dr_response_rate_avg": 0.0,
  "dr_revenue_cny": 0.0,
  "solve_time_avg_s": 0.08591022451381732,
  "solve_time_p95_s": 0.3735466399986762,
  "optimal_rate": 1.0,
  "feasible_rate": 1.0,
  "fallback_count": 0,
  "has_nan": false
}