{
  "scenario_id": "peak3000_mpc",
  "controller_type": "mpc",
  "closed_loop_steps": 96,
  "dt_hours": 0.25,
  "total_cost": 1178.0169982788916,
  "energy_cost": 1178.0169982788916,
  "demand_charge_cost": 0.0,
  "grid_import_kwh": 14316.708815309481,
  "peak_grid_kw": 2567.4037732932447,
  "peak_slack_max_kw": 0.0,
  "peak_slack_step_count": 0,
  "pv_actual_kwh": 20343.6,
  "pv_used_kwh": 19568.53919841486,
  "pv_spill_kwh": 775.0608015851408,
  "pv_spill_reduction_vs_no_tes": null,
  "tes_charge_during_pv_surplus_kwh_th": 0.0,
  "soc_headroom_before_pv_hours": 5.0,
  "pv_self_consumption_ratio": 0.9619014922833157,
  "pv_load_coverage_ratio": 0.5774943477022547,
  "it_energy_kwh": 432000.0,
  "facility_energy_kwh": 465885.24801372434,
  "cold_station_energy_kwh": 33885.24801372434,
  "pue_avg": 1.0784380741058435,
  "pue_p95": 1.1716666666666666,
  "temp_violation_count": 0,
  "temp_violation_degree_hours": 4.440892098500626e-15,
  "max_temp_c": 27.000000000000018,
  "soc_min": 0.15,
  "soc_max": 0.5,
  "soc_violation_count": 0,
  "initial_soc": 0.5,
  "final_soc_after_last_update": 0.15,
  "soc_delta": -0.35,
  "soc_inventory_delta_kwh_th": -6300.0,
  "tes_charge_kwh_th": 11.489361701191628,
  "tes_discharge_kwh_th": 5456.14288497682,
  "tes_equivalent_cycles": 0.3031190491653789,
  "tes_charge_weighted_avg_price": 83.0,
  "tes_discharge_weighted_avg_price": 191.72354096409003,
  "tes_arbitrage_price_spread": 108.72354096409003,
  "charge_steps": 8,
  "discharge_steps": 14,
  "idle_steps": 74,
  "charge_discharge_switch_count": 1,
  "first_discharge_step": 24,
  "first_discharge_timestamp": "2025-07-01 06:00:00",
  "avg_chiller_plr": 0.9425208929521567,
  "avg_mode_specific_plr": 0.9425208929521567,
  "weighted_avg_chiller_cop": 7.0457168711549505,
  "time_in_high_plr_region": 13.5,
  "low_plr_hours": 0.0,
  "high_plr_hours": 13.5,
  "time_in_each_mode": {
    "-1": 10.0,
    "0": 3.25,
    "1": 1.0,
    "2": 9.75
  },
  "mode_switch_count": 8,
  "max_signed_du": 0.1000000000006454,
  "signed_valve_violation_count": 0,
  "physical_consistency_violation_count": 0,
  "max_chiller_supply_deficit_kw_th": 0.0,
  "max_signed_valve_du": 0.1000000000006454,
  "tes_discharge_during_peak_cap_violation_kwh_th": 0.0,
  "solve_time_avg_s": 1.4195750000000185,
  "solve_time_p95_s": 3.268858800000089,
  "optimal_rate": 1.0,
  "feasible_rate": 1.0,
  "fallback_count": 0,
  "has_nan": false
}