{
  "case_id": "cap_0p95_paper_like_mpc_tes",
  "controller": "paper_like_mpc_tes",
  "steps": 96,
  "cost_total": 19330.120622103175,
  "whole_facility_energy_cost": 19330.120622103175,
  "plant_energy_cost": 378.699152103174,
  "grid_import_kwh": 432800.1910635744,
  "plant_energy_kwh": 5886.09106357446,
  "pv_used_kwh": 5085.9,
  "pv_spill_kwh": 0.0,
  "peak_grid_kw": 18320.176799999997,
  "peak_slack_max_kw": 855.4406400000007,
  "peak_slack_kwh": 15314.083736217119,
  "soc_initial": 0.5,
  "soc_final": 0.0,
  "soc_delta": -0.5,
  "soc_min": 0.0,
  "soc_max": 0.5,
  "TES_charge_kwh_th": 8726.81377134992,
  "TES_discharge_kwh_th": 17680.90438282926,
  "TES_charge_weighted_avg_price": 0.10578317255909081,
  "TES_discharge_weighted_avg_price": 0.028999999999999995,
  "TES_arbitrage_spread": -0.07678317255909081,
  "solver_time_avg_s": 0.015418800001498312,
  "solver_time_p95_s": 0.015418800001498312,
  "solver_status": "optimal_relaxed_modes",
  "max_signed_du": 1.4825114801624375,
  "signed_valve_violation_count": 25,
  "grid_balance_violation_count": 0
}