{
  "scenario_id": "peak_cap_peak_cap_kw-2800",
  "controller_type": "mpc",
  "closed_loop_steps": 96,
  "dt_hours": 0.25,
  "total_cost": 3427.6152560659116,
  "energy_cost": 3427.6152560659116,
  "demand_charge_cost": 0.0,
  "grid_import_kwh": 44356.06312767219,
  "peak_grid_kw": 2800.000000000386,
  "peak_slack_max_kw": 3.8608050090260804e-10,
  "peak_slack_step_count": 0,
  "pv_actual_kwh": 20343.6,
  "pv_used_kwh": 20000.64,
  "pv_spill_kwh": 342.96000000000004,
  "pv_spill_reduction_vs_no_tes": null,
  "tes_charge_during_pv_surplus_kwh_th": 32.553191489353864,
  "soc_headroom_before_pv_hours": 0.0,
  "pv_self_consumption_ratio": 0.9831416268507049,
  "pv_load_coverage_ratio": 0.3107778837011322,
  "it_energy_kwh": 432000.0,
  "facility_energy_kwh": 496356.7031276722,
  "cold_station_energy_kwh": 64356.7031276722,
  "pue_avg": 1.1489738498325746,
  "pue_p95": 1.1716666666666666,
  "temp_violation_count": 0,
  "temp_violation_degree_hours": 0.0,
  "max_temp_c": 26.720671162943336,
  "soc_min": 0.5,
  "soc_max": 0.8500000000012569,
  "soc_violation_count": 0,
  "initial_soc": 0.5,
  "final_soc_after_last_update": 0.8348331194943415,
  "soc_delta": 0.33483311949434147,
  "soc_inventory_delta_kwh_th": 6026.996150898147,
  "tes_charge_kwh_th": 7165.552487500987,
  "tes_discharge_kwh_th": 0.0,
  "tes_equivalent_cycles": 0.0,
  "tes_charge_weighted_avg_price": 31.589332953244924,
  "tes_discharge_weighted_avg_price": null,
  "tes_arbitrage_price_spread": null,
  "charge_steps": 57,
  "discharge_steps": 0,
  "idle_steps": 39,
  "charge_discharge_switch_count": 0,
  "first_discharge_step": null,
  "first_discharge_timestamp": null,
  "avg_chiller_plr": 0.9287287502257274,
  "avg_mode_specific_plr": 0.9287287502257274,
  "weighted_avg_chiller_cop": 7.063952955042199,
  "time_in_high_plr_region": 22.0,
  "low_plr_hours": 0.0,
  "high_plr_hours": 22.0,
  "time_in_each_mode": {
    "-1": 1.75,
    "2": 22.25
  },
  "mode_switch_count": 2,
  "max_signed_du": 0.10000000000000003,
  "signed_valve_violation_count": 0,
  "physical_consistency_violation_count": 0,
  "max_chiller_supply_deficit_kw_th": 3.637978807091713e-12,
  "max_signed_valve_du": 0.10000000000000003,
  "tes_discharge_during_peak_cap_violation_kwh_th": 0.0,
  "solve_time_avg_s": 3.8337485458356846,
  "solve_time_p95_s": 5.706601525002043,
  "optimal_rate": 1.0,
  "feasible_rate": 1.0,
  "fallback_count": 0,
  "has_nan": false
}