{
  "scenario_id": "tou_screen_g1p5_cp0_hot_mpc_tes",
  "controller_type": "mpc",
  "closed_loop_steps": 2880,
  "dt_hours": 0.25,
  "total_cost": 1294167.5716459686,
  "energy_cost": 1294167.5716459686,
  "demand_charge_cost": 0.0,
  "cold_station_proxy_total_cost": 88958.33592126983,
  "cold_station_proxy_energy_cost": 88958.33592126983,
  "cold_station_proxy_grid_import_kwh": 1446021.8029081095,
  "cold_station_proxy_pv_spill_kwh": 124728.39,
  "grid_import_kwh": 14281293.41290811,
  "peak_grid_kw": 21090.0,
  "peak_slack_max_kw": 0.0,
  "peak_slack_step_count": 0,
  "pv_actual_kwh": 386724.95999999996,
  "pv_used_kwh": 386724.95999999996,
  "pv_spill_kwh": 0.0,
  "pv_spill_reduction_vs_no_tes": null,
  "tes_charge_during_pv_surplus_kwh_th": 0.0,
  "soc_headroom_before_pv_hours": 0.0,
  "pv_self_consumption_ratio": 1.0,
  "pv_load_coverage_ratio": 0.22641733024308958,
  "it_energy_kwh": 12960000.0,
  "facility_energy_kwh": 14668018.372908108,
  "cold_station_energy_kwh": 1708018.3729081096,
  "pue_avg": 1.1317915411194528,
  "pue_p95": 1.1716666666666666,
  "temp_violation_count": 0,
  "temp_violation_degree_hours": 0.0,
  "max_temp_c": 27.0,
  "soc_min": 0.14999999999999017,
  "soc_max": 0.5038087536206113,
  "soc_violation_count": 0,
  "initial_soc": 0.5,
  "final_soc_after_last_update": 0.15587499999999999,
  "soc_delta": -0.344125,
  "soc_inventory_delta_kwh_th": -6194.25,
  "tes_charge_kwh_th": 84184.29379956462,
  "tes_discharge_kwh_th": 72214.43212954892,
  "tes_equivalent_cycles": 4.011912896086051,
  "tes_charge_weighted_avg_price": 9.10146495712956,
  "tes_discharge_weighted_avg_price": 241.24367645242845,
  "tes_arbitrage_price_spread": 232.14221149529888,
  "charge_steps": 648,
  "discharge_steps": 275,
  "idle_steps": 1957,
  "charge_discharge_switch_count": 60,
  "first_discharge_step": 74,
  "first_discharge_timestamp": "2025-07-01 18:30:00",
  "avg_chiller_plr": 0.9739178591238671,
  "avg_mode_specific_plr": 0.9739178591238671,
  "weighted_avg_chiller_cop": 7.1001725591290406,
  "time_in_high_plr_region": 566.0,
  "low_plr_hours": 0.0,
  "high_plr_hours": 566.0,
  "time_in_each_mode": {
    "-1": 154.0,
    "2": 566.0
  },
  "mode_switch_count": 123,
  "max_signed_du": 0.10000000000090897,
  "signed_valve_violation_count": 0,
  "physical_consistency_violation_count": 0,
  "max_chiller_supply_deficit_kw_th": 0.0,
  "max_signed_valve_du": 0.10000000000090897,
  "tes_discharge_during_peak_cap_violation_kwh_th": 0.0,
  "dr_event_count": 0,
  "dr_requested_reduction_kwh": 0.0,
  "dr_served_reduction_kwh": 0.0,
  "dr_response_rate_avg": 0.0,
  "dr_revenue_cny": 0.0,
  "solve_time_avg_s": 0.07710826743063989,
  "solve_time_p95_s": 0.34273416999931183,
  "optimal_rate": 1.0,
  "feasible_rate": 1.0,
  "fallback_count": 0,
  "has_nan": false
}