{
  "case_id": "storage_priority_tes",
  "controller": "storage_priority_tes",
  "steps": 96,
  "cost_total": 19219.318217597436,
  "whole_facility_energy_cost": 19219.318217597436,
  "plant_energy_cost": 267.8967475974368,
  "grid_import_kwh": 436151.91888267023,
  "plant_energy_kwh": 9237.818882670234,
  "pv_used_kwh": 5085.9,
  "pv_spill_kwh": 0.0,
  "peak_grid_kw": 18940.0464,
  "peak_slack_max_kw": 0.0,
  "peak_slack_kwh": 0.0,
  "soc_initial": 0.5,
  "soc_final": 0.8495752123978183,
  "soc_delta": 0.3495752123978183,
  "soc_min": 0.5,
  "soc_max": 0.849594530547207,
  "TES_charge_kwh_th": 15243.0244701359,
  "TES_discharge_kwh_th": 8231.287306086435,
  "TES_charge_weighted_avg_price": 0.028999999999999995,
  "TES_discharge_weighted_avg_price": 0.13170915273016962,
  "TES_arbitrage_spread": 0.10270915273016962,
  "solver_time_avg_s": 0.0004945999826304615,
  "solver_time_p95_s": 0.0004945999826304615,
  "solver_status": "storage_priority",
  "max_signed_du": 1.0503932033328458,
  "signed_valve_violation_count": 47,
  "grid_balance_violation_count": 0
}