{
  "scenario_id": "tou_screen_g0_cp0p2_mild_mpc_tes",
  "controller_type": "mpc",
  "closed_loop_steps": 2880,
  "dt_hours": 0.25,
  "total_cost": 1247255.432239973,
  "energy_cost": 1247255.432239973,
  "demand_charge_cost": 0.0,
  "cold_station_proxy_total_cost": 79279.7003314443,
  "cold_station_proxy_energy_cost": 79279.7003314443,
  "cold_station_proxy_grid_import_kwh": 924107.5276781529,
  "cold_station_proxy_pv_spill_kwh": 203752.00550204772,
  "grid_import_kwh": 13680355.522176106,
  "peak_grid_kw": 21090.0,
  "peak_slack_max_kw": 0.0,
  "peak_slack_step_count": 0,
  "pv_actual_kwh": 386724.95999999996,
  "pv_used_kwh": 386724.95999999996,
  "pv_spill_kwh": 0.0,
  "pv_spill_reduction_vs_no_tes": null,
  "tes_charge_during_pv_surplus_kwh_th": 0.0,
  "soc_headroom_before_pv_hours": 0.0,
  "pv_self_consumption_ratio": 1.0,
  "pv_load_coverage_ratio": 0.3493196440784898,
  "it_energy_kwh": 12960000.0,
  "facility_energy_kwh": 14067080.482176106,
  "cold_station_energy_kwh": 1107080.4821761053,
  "pue_avg": 1.0854228767111194,
  "pue_p95": 1.1716666666666666,
  "temp_violation_count": 0,
  "temp_violation_degree_hours": 8.881784197001252e-16,
  "max_temp_c": 27.000000000000004,
  "soc_min": 0.146762372682158,
  "soc_max": 0.5,
  "soc_violation_count": 0,
  "initial_soc": 0.5,
  "final_soc_after_last_update": 0.15341411836441257,
  "soc_delta": -0.34658588163558746,
  "soc_inventory_delta_kwh_th": -6238.545869440574,
  "tes_charge_kwh_th": 11752.400853984222,
  "tes_discharge_kwh_th": 11838.061270021457,
  "tes_equivalent_cycles": 0.6576700705567476,
  "tes_charge_weighted_avg_price": 78.45478703350892,
  "tes_discharge_weighted_avg_price": 108.08277820586937,
  "tes_arbitrage_price_spread": 29.627991172360453,
  "charge_steps": 673,
  "discharge_steps": 105,
  "idle_steps": 2102,
  "charge_discharge_switch_count": 76,
  "first_discharge_step": 72,
  "first_discharge_timestamp": "2025-07-01 18:00:00",
  "avg_chiller_plr": 0.8616220447522477,
  "avg_mode_specific_plr": 0.8616220447522477,
  "weighted_avg_chiller_cop": 7.004813869033407,
  "time_in_high_plr_region": 413.25,
  "low_plr_hours": 0.0,
  "high_plr_hours": 413.25,
  "time_in_each_mode": {
    "-1": 297.0,
    "0": 22.75,
    "2": 400.25
  },
  "mode_switch_count": 372,
  "max_signed_du": 0.10000000000005643,
  "signed_valve_violation_count": 0,
  "physical_consistency_violation_count": 0,
  "max_chiller_supply_deficit_kw_th": 1.6261765267699957e-09,
  "max_signed_valve_du": 0.10000000000005643,
  "tes_discharge_during_peak_cap_violation_kwh_th": 0.0,
  "dr_event_count": 0,
  "dr_requested_reduction_kwh": 0.0,
  "dr_served_reduction_kwh": 0.0,
  "dr_response_rate_avg": 0.0,
  "dr_revenue_cny": 0.0,
  "solve_time_avg_s": 0.21441734454856487,
  "solve_time_p95_s": 0.4369422950003352,
  "optimal_rate": 1.0,
  "feasible_rate": 1.0,
  "fallback_count": 0,
  "has_nan": false
}