{
  "case_id": "strict_cap_0p99_paper_like_mpc_tes",
  "controller": "paper_like_mpc_tes",
  "steps": 96,
  "cost_total": 38913.451882457084,
  "energy_cost": 38913.451882457084,
  "whole_facility_energy_cost": 38913.451882457084,
  "plant_energy_cost": 679.2941384570832,
  "peak_slack_penalty_cost": 11922444.543389665,
  "objective_cost": 11969445.59286429,
  "grid_import_kwh": 419987.51366353605,
  "plant_energy_kwh": 8331.11366353603,
  "pv_used_kwh": 20343.6,
  "pv_spill_kwh": 0.0,
  "peak_grid_kw": 18306.64470547458,
  "peak_slack_max_kw": 106.55123347458533,
  "peak_slack_kwh": 119.22444543389665,
  "peak_cap_success_flag": false,
  "soc_initial": 0.5,
  "soc_target": 0.5,
  "soc_final": 0.3989050300978945,
  "terminal_soc_abs_error": 0.10109496990210548,
  "soc_delta": -0.10109496990210548,
  "soc_min": 0.15,
  "soc_max": 0.85,
  "soc_violation_count": 0,
  "TES_charge_kwh_th": 18311.517536008974,
  "TES_discharge_kwh_th": 19745.85353969126,
  "TES_discharge_during_cp_kwh_th": 226.27052031690823,
  "TES_charge_during_valley_kwh_th": 8222.615658323695,
  "grid_reduction_during_cp_kwh": 44.19607115571945,
  "cp_hours": 3.0,
  "TES_charge_weighted_avg_price": 0.068971325052984,
  "TES_discharge_weighted_avg_price": 0.10781666143588975,
  "TES_arbitrage_spread": 0.03884533638290574,
  "solver_time_avg_s": 0.07616370002506301,
  "solver_time_p95_s": 0.07616370002506301,
  "solver_status": "optimal",
  "mode_integrality": "strict",
  "strict_success": true,
  "fallback_reason": "",
  "mode_fractionality_max": 0.0,
  "solver_message": "Optimization terminated successfully. (HiGHS Status 7: Optimal)",
  "max_signed_du": 0.25000000000000766,
  "signed_valve_violation_count": 0,
  "grid_balance_violation_count": 0,
  "plant_tracking_error_abs_max_kw_th": 0.0
}