{
  "scenario_id": "pv3_mpc",
  "controller_type": "mpc",
  "closed_loop_steps": 96,
  "dt_hours": 0.25,
  "total_cost": 278.60311666794394,
  "energy_cost": 278.60311666794394,
  "demand_charge_cost": 0.0,
  "grid_import_kwh": 3382.1556225053487,
  "peak_grid_kw": 2445.2931708379265,
  "peak_slack_max_kw": 0.0,
  "peak_slack_step_count": 0,
  "pv_actual_kwh": 61030.8,
  "pv_used_kwh": 31693.020000000004,
  "pv_spill_kwh": 29337.78,
  "pv_spill_reduction_vs_no_tes": null,
  "tes_charge_during_pv_surplus_kwh_th": 0.0,
  "soc_headroom_before_pv_hours": 8.0,
  "pv_self_consumption_ratio": 0.5192955032540947,
  "pv_load_coverage_ratio": 0.903574093002253,
  "it_energy_kwh": 432000.0,
  "facility_energy_kwh": 467075.1756225053,
  "cold_station_energy_kwh": 35075.17562250535,
  "pue_avg": 1.0811925361632067,
  "pue_p95": 1.1716666666666666,
  "temp_violation_count": 0,
  "temp_violation_degree_hours": 2.5757174171303632e-14,
  "max_temp_c": 27.000000000000103,
  "soc_min": 0.1500750375190481,
  "soc_max": 0.5,
  "soc_violation_count": 0,
  "initial_soc": 0.5,
  "final_soc_after_last_update": 0.1500000000002886,
  "soc_delta": -0.34999999999971143,
  "soc_inventory_delta_kwh_th": -6299.999999994806,
  "tes_charge_kwh_th": 0.0,
  "tes_discharge_kwh_th": 5426.684288405633,
  "tes_equivalent_cycles": 0.30148246046697963,
  "tes_charge_weighted_avg_price": null,
  "tes_discharge_weighted_avg_price": 119.60572713291252,
  "tes_arbitrage_price_spread": null,
  "charge_steps": 0,
  "discharge_steps": 13,
  "idle_steps": 83,
  "charge_discharge_switch_count": 0,
  "first_discharge_step": 82,
  "first_discharge_timestamp": "2025-07-01 20:30:00",
  "avg_chiller_plr": 0.9182350754467918,
  "avg_mode_specific_plr": 0.9182350754467918,
  "weighted_avg_chiller_cop": 7.074187756802233,
  "time_in_high_plr_region": 14.0,
  "low_plr_hours": 0.0,
  "high_plr_hours": 14.0,
  "time_in_each_mode": {
    "-1": 9.5,
    "0": 4.0,
    "2": 10.5
  },
  "mode_switch_count": 5,
  "max_signed_du": 0.10000000000123188,
  "signed_valve_violation_count": 0,
  "physical_consistency_violation_count": 0,
  "max_chiller_supply_deficit_kw_th": 0.0,
  "max_signed_valve_du": 0.10000000000123188,
  "tes_discharge_during_peak_cap_violation_kwh_th": 0.0,
  "solve_time_avg_s": 0.6901043416666918,
  "solve_time_p95_s": 2.0100342000005185,
  "optimal_rate": 1.0,
  "feasible_rate": 1.0,
  "fallback_count": 0,
  "has_nan": false
}