{
  "case_id": "relaxed_cap_0p97_paper_like_mpc_tes",
  "controller": "paper_like_mpc_tes",
  "steps": 96,
  "cost_total": 19350.69352964303,
  "whole_facility_energy_cost": 19350.69352964303,
  "plant_energy_cost": 399.2720596430295,
  "grid_import_kwh": 433186.0070185819,
  "plant_energy_kwh": 6271.907018581886,
  "pv_used_kwh": 5085.9,
  "pv_spill_kwh": 0.0,
  "peak_grid_kw": 18320.91795,
  "peak_slack_max_kw": 488.5031340000023,
  "peak_slack_kwh": 7573.474449342316,
  "soc_initial": 0.5,
  "soc_target": 0.5,
  "soc_final": 0.15,
  "terminal_soc_abs_error": 0.35,
  "soc_delta": -0.35,
  "soc_min": 0.15,
  "soc_max": 0.5,
  "soc_violation_count": 0,
  "TES_charge_kwh_th": 10299.586159630093,
  "TES_discharge_kwh_th": 16442.63156158356,
  "TES_charge_weighted_avg_price": 0.10069664925201126,
  "TES_discharge_weighted_avg_price": 0.029,
  "TES_arbitrage_spread": -0.07169664925201126,
  "solver_time_avg_s": 0.01601339998887852,
  "solver_time_p95_s": 0.01601339998887852,
  "solver_status": "optimal_relaxed_modes",
  "mode_integrality": "relaxed",
  "strict_success": false,
  "fallback_reason": "",
  "mode_fractionality_max": 0.45885718032787315,
  "solver_message": "Optimization terminated successfully. (HiGHS Status 7: Optimal)",
  "max_signed_du": 1.4923432754676416,
  "signed_valve_violation_count": 31,
  "grid_balance_violation_count": 0
}