{
  "case_id": "cap_0p97_paper_like_mpc_tes",
  "controller": "paper_like_mpc_tes",
  "steps": 96,
  "cost_total": 19339.350075017108,
  "whole_facility_energy_cost": 19339.350075017108,
  "plant_energy_cost": 387.9286050171065,
  "grid_import_kwh": 432800.33536510175,
  "plant_energy_kwh": 5886.2353651017875,
  "pv_used_kwh": 5085.9,
  "pv_spill_kwh": 0.0,
  "peak_grid_kw": 18320.176799999997,
  "peak_slack_max_kw": 487.76198400000067,
  "peak_slack_kwh": 7187.8027958622215,
  "soc_initial": 0.5,
  "soc_final": 0.0,
  "soc_delta": -0.5,
  "soc_min": 0.0,
  "soc_max": 0.5,
  "TES_charge_kwh_th": 10237.486159630098,
  "TES_discharge_kwh_th": 19190.525393861153,
  "TES_charge_weighted_avg_price": 0.10101841397698244,
  "TES_discharge_weighted_avg_price": 0.028999999999999998,
  "TES_arbitrage_spread": -0.07201841397698244,
  "solver_time_avg_s": 0.01567250001244247,
  "solver_time_p95_s": 0.01567250001244247,
  "solver_status": "optimal_relaxed_modes",
  "max_signed_du": 1.4923432754676416,
  "signed_valve_violation_count": 31,
  "grid_balance_violation_count": 0
}