{
  "scenario_id": "reviewfix_7day_mpc_h48",
  "controller_type": "mpc",
  "closed_loop_steps": 672,
  "dt_hours": 0.25,
  "total_cost": 12585.501229889196,
  "energy_cost": 12585.501229889196,
  "demand_charge_cost": 0.0,
  "grid_import_kwh": 216971.66520927718,
  "peak_grid_kw": 3090.00000000359,
  "peak_slack_max_kw": 0.0,
  "peak_slack_step_count": 0,
  "pv_actual_kwh": 108987.12,
  "pv_used_kwh": 106668.36046435335,
  "pv_spill_kwh": 2318.7595356466527,
  "pv_spill_reduction_vs_no_tes": null,
  "tes_charge_during_pv_surplus_kwh_th": 0.0,
  "soc_headroom_before_pv_hours": 16.0,
  "pv_self_consumption_ratio": 0.978724462710395,
  "pv_load_coverage_ratio": 0.32958951922689966,
  "it_energy_kwh": 3024000.0,
  "facility_energy_kwh": 3347640.0256736306,
  "cold_station_energy_kwh": 323640.02567363053,
  "pue_avg": 1.1070238180137668,
  "pue_p95": 1.1716666666666666,
  "temp_violation_count": 0,
  "temp_violation_degree_hours": 1.5276668818842154e-13,
  "max_temp_c": 27.000000000000508,
  "soc_min": 0.1499999999999251,
  "soc_max": 0.5,
  "soc_violation_count": 0,
  "initial_soc": 0.5,
  "final_soc_after_last_update": 0.15,
  "soc_delta": -0.35,
  "soc_inventory_delta_kwh_th": -6300.0,
  "tes_charge_kwh_th": 10200.302212734798,
  "tes_discharge_kwh_th": 13240.128191140175,
  "tes_equivalent_cycles": 0.7355626772855652,
  "tes_charge_weighted_avg_price": 30.622810349657662,
  "tes_discharge_weighted_avg_price": 186.07828496161812,
  "tes_arbitrage_price_spread": 155.45547461196045,
  "charge_steps": 126,
  "discharge_steps": 50,
  "idle_steps": 496,
  "charge_discharge_switch_count": 13,
  "first_discharge_step": 24,
  "first_discharge_timestamp": "2025-07-01 06:00:00",
  "avg_chiller_plr": 0.9342533123506405,
  "avg_mode_specific_plr": 0.9342533123506405,
  "weighted_avg_chiller_cop": 7.049470918923096,
  "time_in_high_plr_region": 130.0,
  "low_plr_hours": 0.0,
  "high_plr_hours": 130.0,
  "time_in_each_mode": {
    "-1": 34.75,
    "0": 31.0,
    "1": 7.5,
    "2": 94.75
  },
  "mode_switch_count": 55,
  "max_signed_du": 0.10000000000055172,
  "signed_valve_violation_count": 0,
  "physical_consistency_violation_count": 0,
  "max_chiller_supply_deficit_kw_th": 1.8326318240724504e-09,
  "max_signed_valve_du": 0.10000000000055172,
  "tes_discharge_during_peak_cap_violation_kwh_th": 0.0,
  "solve_time_avg_s": 1.6160708767857084,
  "solve_time_p95_s": 3.265588120000302,
  "optimal_rate": 1.0,
  "feasible_rate": 1.0,
  "fallback_count": 0,
  "has_nan": false
}